Ecosystem,Namespace,Name,Version,Artifact,Published,Detected
pypi,,durabletask,1.4.1,,2026-05-19T16:19:48.582Z,2026-05-19T17:29:27.339Z
pypi,,durabletask,1.4.3,,2026-05-19T16:54:38.124Z,2026-05-19T17:29:15.672Z
pypi,,durabletask,1.4.2,,2026-05-19T16:49:59.434Z,2026-05-19T17:29:07.892Z
pypi,,durabletask,1.4.3,,2026-05-19T16:54:38.124Z,2026-05-19T17:23:35.622Z
pypi,,durabletask,1.4.2,,2026-05-19T16:49:59.434Z,2026-05-19T17:23:33.660Z
pypi,,durabletask,1.4.1,,2026-05-19T16:19:48.582Z,2026-05-19T17:18:48.446Z
npm,@antv,li-sam-assets,0.1.4,,2023-07-10T06:10:57.802Z,2026-05-19T09:06:16.441Z
npm,,openclaw-cn,0.3.0,,2026-05-19T02:55:48.587Z,2026-05-19T03:09:23.409Z
npm,@openclaw-cn,feishu,0.2.11,,2026-05-19T02:53:57.796Z,2026-05-19T03:00:09.921Z
npm,@openclaw-cn,cli,1.4.1,,2026-05-19T02:53:55.328Z,2026-05-19T03:00:07.016Z
npm,@starmind,collector-cli,0.3.10,,2026-05-19T02:53:54.861Z,2026-05-19T02:59:54.435Z
npm,@openclaw-cn,toutiao-ops,1.2.4,,2026-05-19T02:53:55.165Z,2026-05-19T02:59:49.987Z
npm,@openclaw-cn,libsignal,2.1.1,,2026-05-19T02:53:54.612Z,2026-05-19T02:59:49.799Z
npm,,byte-parser,1.1.0,,2026-05-19T01:56:40.796Z,2026-05-19T02:31:52.152Z
npm,@antv,g-image-exporter,1.2.42,,2026-05-19T02:06:01.024Z,2026-05-19T02:27:57.063Z
npm,@antv,gi-assets-advance,2.6.22,,2026-05-19T01:56:42.594Z,2026-05-19T02:23:43.319Z
npm,@antv,x6-geometry,2.2.5,,2026-05-19T02:06:03.640Z,2026-05-19T02:22:29.624Z
npm,@antv,x6,3.2.7,,2026-05-19T01:56:43.056Z,2026-05-19T02:21:41.047Z
npm,@antv,graphlib,2.1.4,,2026-05-19T01:56:42.246Z,2026-05-19T02:19:40.297Z
npm,@antv,g2,5.6.8,,2026-05-19T02:06:01.761Z,2026-05-19T02:17:50.717Z
npm,@antv,g2,5.5.8,,2026-05-19T01:56:41.888Z,2026-05-19T02:17:22.584Z
npm,@antv,x6,3.3.7,,2026-05-19T02:06:01.618Z,2026-05-19T02:16:46.834Z
npm,@antv,g6,5.3.1,,2026-05-19T02:06:01.669Z,2026-05-19T02:16:39.938Z
npm,@antv,li-analysis-assets,1.10.1,,2026-05-19T01:56:43.964Z,2026-05-19T02:16:36.308Z
npm,@antv,infographic,0.4.19,,2026-05-19T02:06:01.337Z,2026-05-19T02:16:21.936Z
npm,@antv,vendor,1.1.11,,2026-05-19T01:56:44.329Z,2026-05-19T02:16:20.254Z
npm,@antv,x6-vector,1.6.2,,2026-05-19T02:06:01.608Z,2026-05-19T02:16:18.318Z
npm,@antv,g2plot,2.6.35,,2026-05-19T02:06:01.713Z,2026-05-19T02:15:52.516Z
npm,@antv,s2,2.9.1,,2026-05-19T02:06:02.388Z,2026-05-19T02:15:36.934Z
npm,@antv,s2,2.8.1,,2026-05-19T01:56:42.144Z,2026-05-19T02:15:13.539Z
npm,@antv,f2,5.16.0,,2026-05-19T02:06:01.872Z,2026-05-19T02:14:56.253Z
npm,@antv,gi-assets-advance,2.7.22,,2026-05-19T02:06:02.403Z,2026-05-19T02:14:52.462Z
npm,@antv,dumi-theme-antv,0.9.4,,2026-05-19T01:56:44.935Z,2026-05-19T02:14:51.074Z
npm,@antv,component,2.3.11,,2026-05-19T02:06:01.948Z,2026-05-19T02:14:39.539Z
npm,@antv,util,3.5.11,,2026-05-19T02:06:01.952Z,2026-05-19T02:14:38.906Z
npm,@antv,vendor,1.2.11,,2026-05-19T02:06:03.038Z,2026-05-19T02:14:20.028Z
npm,@antv,gi-assets-basic,2.6.40,,2026-05-19T02:06:01.776Z,2026-05-19T02:14:05.763Z
npm,@antv,li-analysis-assets,1.11.1,,2026-05-19T02:06:02.165Z,2026-05-19T02:14:02.343Z
npm,@antv,xflow-extension,1.2.55,,2026-05-19T02:06:01.957Z,2026-05-19T02:13:56.672Z
npm,@antv,li-p2,1.10.2,,2026-05-19T02:06:02.256Z,2026-05-19T02:13:56.144Z
npm,@antv,x6-common,2.2.17,,2026-05-19T02:06:03.347Z,2026-05-19T02:13:51.755Z
npm,@antv,gi-assets-basic,2.5.40,,2026-05-19T01:56:42.070Z,2026-05-19T02:13:50.780Z
npm,@antv,l7-layers,2.27.10,,2026-05-19T02:06:02.452Z,2026-05-19T02:13:46.221Z
npm,@antv,ava,3.6.1,,2026-05-19T02:06:05.374Z,2026-05-19T02:13:41.885Z
npm,@antv,xflow-core,1.2.55,,2026-05-19T02:06:03.451Z,2026-05-19T02:13:40.683Z
npm,@antv,l7plot,0.7.11,,2026-05-19T02:06:02.564Z,2026-05-19T02:13:40.257Z
npm,@antv,s2-vue,2.4.0,,2026-05-19T02:06:01.928Z,2026-05-19T02:13:22.490Z
npm,@antv,larkmap,1.7.1,,2026-05-19T02:06:03.385Z,2026-05-19T02:13:19.972Z
npm,,timeago.js,4.2.2,,2026-05-19T02:06:01.747Z,2026-05-19T02:13:16.385Z
npm,@antv,f2,5.15.0,,2026-05-19T01:56:41.860Z,2026-05-19T02:13:13.510Z
npm,@antv,g2plot,2.5.35,,2026-05-19T01:56:42.269Z,2026-05-19T02:13:13.003Z
npm,@antv,graphlib,2.2.4,,2026-05-19T02:06:01.801Z,2026-05-19T02:13:10.874Z
npm,@antv,t8,0.5.0,,2026-05-19T02:06:04.897Z,2026-05-19T02:13:09.958Z
npm,@antv,smart-color,0.4.1,,2026-05-19T02:06:01.689Z,2026-05-19T02:13:07.680Z
npm,@antv,li-editor,1.7.1,,2026-05-19T01:56:42.978Z,2026-05-19T02:13:07.524Z
npm,@antv,l7-composite-layers,0.19.1,,2026-05-19T02:06:04.414Z,2026-05-19T02:13:06.216Z
npm,@antv,l7-editor,1.3.13,,2026-05-19T02:06:03.792Z,2026-05-19T02:13:04.364Z
npm,@antv,l7-core,2.27.10,,2026-05-19T02:06:04.601Z,2026-05-19T02:13:04.018Z
npm,@antv,x6-react-components,2.2.9,,2026-05-19T02:06:03.717Z,2026-05-19T02:13:00.962Z
npm,@antv,s2-react,2.5.1,,2026-05-19T02:06:04.549Z,2026-05-19T02:13:00.931Z
npm,@antv,adjust,0.4.5,,2026-05-19T02:06:01.023Z,2026-05-19T02:13:00.776Z
npm,@antv,f-engine,1.12.0,,2026-05-19T02:06:01.235Z,2026-05-19T02:13:00.374Z
npm,@antv,attr,0.5.5,,2026-05-19T02:06:00.636Z,2026-05-19T02:12:59.733Z
npm,@antv,lite-insight,2.3.1,,2026-05-19T02:06:01.591Z,2026-05-19T02:12:59.321Z
npm,@antv,li-sdk,1.7.1,,2026-05-19T02:06:03.698Z,2026-05-19T02:12:56.857Z
npm,@antv,g2-plugin-slider,2.3.1,,2026-05-19T02:06:01.021Z,2026-05-19T02:12:56.815Z
npm,@antv,x6-plugin-stencil,2.3.5,,2026-05-19T02:06:00.613Z,2026-05-19T02:12:56.028Z
npm,@antv,li-editor,1.8.1,,2026-05-19T02:06:02.033Z,2026-05-19T02:12:56.024Z
npm,@antv,gi-assets-janusgraph,1.3.15,,2026-05-19T02:06:01.118Z,2026-05-19T02:12:55.723Z
npm,@antv,x6-plugin-dnd,2.3.1,,2026-05-19T02:06:00.680Z,2026-05-19T02:12:55.345Z
npm,@antv,data-set,0.13.8,,2026-05-19T02:06:01.604Z,2026-05-19T02:12:54.920Z
npm,@antv,d3-interpolate,1.2.3,,2026-05-19T02:06:00.803Z,2026-05-19T02:12:54.699Z
npm,@antv,dipper-component,0.2.4,,2026-05-19T02:06:00.150Z,2026-05-19T02:12:54.643Z
npm,@antv,g6-extension-3d,0.3.23,,2026-05-19T02:06:02.036Z,2026-05-19T02:12:54.346Z
npm,@antv,l7-extension-g-layer,1.2.0,,2026-05-19T02:06:00.631Z,2026-05-19T02:12:54.243Z
npm,@antv,xflow-diff,1.2.0,,2026-05-19T02:06:00.881Z,2026-05-19T02:12:54.193Z
npm,@antv,l7-mapkit,0.7.0,,2026-05-19T02:05:59.560Z,2026-05-19T02:12:53.712Z
npm,@antv,f-charts,0.2.0,,2026-05-19T02:06:00.826Z,2026-05-19T02:12:53.281Z
npm,@antv,f6-alipay,0.2.7,,2026-05-19T02:06:00.433Z,2026-05-19T02:12:53.177Z
npm,@antv,a8,0.2.1,,2026-05-19T02:06:00.656Z,2026-05-19T02:12:52.078Z
npm,,ribbon.js,1.1.2,,2026-05-19T02:05:59.769Z,2026-05-19T02:12:50.951Z
npm,@antv,gi-sdk,3.2.0,,2026-05-19T02:06:01.760Z,2026-05-19T02:12:49.888Z
npm,@antv,g6-core,0.10.24,,2026-05-19T02:06:03.226Z,2026-05-19T02:12:47.275Z
npm,@antv,scale,0.7.2,,2026-05-19T02:06:01.877Z,2026-05-19T02:12:46.869Z
npm,@antv,g-webgpu-unitchart,0.7.1,,2026-05-19T02:06:00.846Z,2026-05-19T02:12:46.428Z
npm,@antv,x6-plugin-transform,2.3.8,,2026-05-19T02:06:00.400Z,2026-05-19T02:12:45.851Z
npm,@antv,data-samples,1.2.1,,2026-05-19T02:06:04.639Z,2026-05-19T02:12:45.793Z
npm,@antv,l7-renderer,2.27.10,,2026-05-19T02:06:00.385Z,2026-05-19T02:12:45.677Z
npm,@antv,d3-color,1.2.0,,2026-05-19T02:05:59.258Z,2026-05-19T02:12:45.648Z
npm,@antv,f2-graphic,0.2.16,,2026-05-19T02:06:03.776Z,2026-05-19T02:12:45.557Z
npm,@antv,xflow,2.3.13,,2026-05-19T02:06:03.345Z,2026-05-19T02:12:45.415Z
npm,@antv,g-mobile-svg,1.3.1,,2026-05-19T02:06:00.063Z,2026-05-19T02:12:45.012Z
npm,@antv,gi-assets-algorithm,2.5.19,,2026-05-19T02:06:02.208Z,2026-05-19T02:12:44.976Z
npm,@antv,x6-components,0.12.7,,2026-05-19T02:06:03.719Z,2026-05-19T02:12:44.955Z
npm,,jest-url-loader,0.3.0,,2026-05-19T02:05:59.783Z,2026-05-19T02:12:44.281Z
npm,@antv,g6-react-node,1.6.8,,2026-05-19T02:05:59.990Z,2026-05-19T02:12:43.991Z
npm,@antv,g-plugin-control,2.3.1,,2026-05-19T02:06:00.061Z,2026-05-19T02:12:43.855Z
npm,,byte-parser,1.2.0,,2026-05-19T02:06:00.623Z,2026-05-19T02:12:43.847Z
npm,@antv,l7-draw,3.3.5,,2026-05-19T02:06:02.039Z,2026-05-19T02:12:43.847Z
npm,@antv,g2plot-schemas,1.4.2,,2026-05-19T02:06:00.996Z,2026-05-19T02:12:43.683Z
npm,@antv,gi-assets-tugraph,2.3.15,,2026-05-19T02:06:00.871Z,2026-05-19T02:12:43.370Z
npm,@antv,g-plugin-webgpu-device,1.11.17,,2026-05-19T02:06:00.691Z,2026-05-19T02:12:42.880Z
npm,@antv,x6-angular-shape,3.2.1,,2026-05-19T02:06:00.721Z,2026-05-19T02:12:42.590Z
npm,@antv,dw-random,1.3.7,,2026-05-19T02:06:01.200Z,2026-05-19T02:12:42.281Z
npm,@antv,dom-util,2.2.4,,2026-05-19T02:06:00.895Z,2026-05-19T02:12:42.110Z
npm,@antv,dumi-theme-antv,0.10.4,,2026-05-19T02:06:04.545Z,2026-05-19T02:12:41.922Z
npm,@antv,gi-common-components,1.5.16,,2026-05-19T02:06:02.206Z,2026-05-19T02:12:41.816Z
npm,@antv,g-plugin-rough-canvas-renderer,2.3.1,,2026-05-19T02:06:00.891Z,2026-05-19T02:12:41.605Z
npm,@antv,torch,1.2.6,,2026-05-19T02:06:00.548Z,2026-05-19T02:12:41.601Z
npm,@antv,g-shader-components,2.2.0,,2026-05-19T02:05:59.658Z,2026-05-19T02:12:41.591Z
npm,,miz,1.2.1,,2026-05-19T02:06:01.238Z,2026-05-19T02:12:41.410Z
npm,@antv,sam,0.4.0,,2026-05-19T02:06:01.284Z,2026-05-19T02:12:41.398Z
npm,@antv,g-plugin-zdog-svg-renderer,2.3.1,,2026-05-19T02:06:00.337Z,2026-05-19T02:12:41.042Z
npm,@antv,g-plugin-svg-renderer,2.6.1,,2026-05-19T02:06:00.615Z,2026-05-19T02:12:40.954Z
npm,@antv,gatsby-theme,0.3.0,,2026-05-19T02:06:00.411Z,2026-05-19T02:12:40.862Z
npm,@antv,g-plugin-physx,2.3.1,,2026-05-19T02:06:00.393Z,2026-05-19T02:12:40.853Z
npm,@antv,g-plugin-canvas-renderer,2.7.1,,2026-05-19T02:06:01.245Z,2026-05-19T02:12:40.830Z
npm,,jest-electron,0.3.12,,2026-05-19T02:06:00.603Z,2026-05-19T02:12:40.820Z
npm,@antv,l7-utils,2.27.10,,2026-05-19T02:06:00.347Z,2026-05-19T02:12:40.796Z
npm,@antv,g-plugin-svg-picker,2.2.46,,2026-05-19T02:06:00.045Z,2026-05-19T02:12:40.781Z
npm,@antv,g2-ssr,0.4.0,,2026-05-19T02:06:00.728Z,2026-05-19T02:12:40.780Z
npm,@antv,geo-coord,1.2.8,,2026-05-19T02:06:00.159Z,2026-05-19T02:12:40.764Z
npm,@antv,gi-sdk-app,1.4.10,,2026-05-19T02:06:00.420Z,2026-05-19T02:12:40.738Z
npm,@antv,g-plugin-box2d,2.3.1,,2026-05-19T02:05:59.902Z,2026-05-19T02:12:40.712Z
npm,@antv,g-plugin-gesture,2.3.1,,2026-05-19T02:06:00.098Z,2026-05-19T02:12:40.686Z
npm,@antv,translator,1.2.1,,2026-05-19T02:05:59.917Z,2026-05-19T02:12:40.684Z
npm,@antv,vis-predict-engine,0.3.1,,2026-05-19T02:06:01.090Z,2026-05-19T02:12:40.591Z
npm,@antv,f-vue,1.12.0,,2026-05-19T02:06:00.332Z,2026-05-19T02:12:40.540Z
npm,@antv,gi-assets-xlab,0.3.30,,2026-05-19T02:06:03.759Z,2026-05-19T02:12:40.527Z
npm,@antv,l7-map,2.27.10,,2026-05-19T02:06:03.930Z,2026-05-19T02:12:40.501Z
npm,,jest-less-loader,0.4.0,,2026-05-19T02:05:59.770Z,2026-05-19T02:12:40.398Z
npm,@antv,chart-linter,1.3.6,,2026-05-19T02:06:03.359Z,2026-05-19T02:12:40.230Z
npm,@antv,g-plugin-canvas-path-generator,2.3.26,,2026-05-19T02:06:01.185Z,2026-05-19T02:12:40.120Z
npm,@antv,x6-plugin-scroller,2.2.10,,2026-05-19T02:06:01.580Z,2026-05-19T02:12:40.117Z
npm,@antv,mcp-server-chart,0.11.10,,2026-05-19T02:06:00.229Z,2026-05-19T02:12:40.017Z
npm,,word-width,1.2.1,,2026-05-19T02:06:00.057Z,2026-05-19T02:12:40.001Z
npm,@antv,graphin-components,2.6.1,,2026-05-19T02:06:00.180Z,2026-05-19T02:12:39.983Z
npm,,uri-parse,1.2.0,,2026-05-19T02:06:00.239Z,2026-05-19T02:12:39.973Z
npm,@antv,x6-plugin-export,2.3.6,,2026-05-19T02:05:59.786Z,2026-05-19T02:12:39.870Z
npm,,ai-figure,0.6.0,,2026-05-19T02:06:00.421Z,2026-05-19T02:12:39.845Z
npm,@antv,knowledge,1.3.4,,2026-05-19T02:06:01.036Z,2026-05-19T02:12:39.841Z
npm,@antv,l7-pass,1.2.0,,2026-05-19T02:06:00.258Z,2026-05-19T02:12:39.839Z
npm,@antv,g-plugin-webgl-renderer,1.2.26,,2026-05-19T02:06:01.865Z,2026-05-19T02:12:39.794Z
npm,@antv,gl-matrix,2.9.1,,2026-05-19T02:06:00.363Z,2026-05-19T02:12:39.793Z
npm,@antv,g6-pc,0.10.25,,2026-05-19T02:06:03.803Z,2026-05-19T02:12:39.744Z
npm,@antv,g-webgpu-compiler,0.9.2,,2026-05-19T02:06:00.606Z,2026-05-19T02:12:39.713Z
npm,@antv,g6-wx,0.2.1,,2026-05-19T02:06:00.367Z,2026-05-19T02:12:39.708Z
npm,@antv,g-plugin-canvaskit-renderer,2.5.1,,2026-05-19T02:06:01.240Z,2026-05-19T02:12:39.706Z
npm,@antv,gi-public-data,1.2.1,,2026-05-19T02:06:01.368Z,2026-05-19T02:12:39.698Z
npm,@antv,g6-ssr,0.3.1,,2026-05-19T02:06:01.900Z,2026-05-19T02:12:39.667Z
npm,@antv,g-lottie-player,1.3.1,,2026-05-19T02:06:01.000Z,2026-05-19T02:12:39.642Z
npm,@antv,g6-alipay,0.2.1,,2026-05-19T02:05:59.697Z,2026-05-19T02:12:39.642Z
npm,@antv,g-dom-mutation-observer-api,2.2.42,,2026-05-19T02:05:59.665Z,2026-05-19T02:12:39.532Z
npm,@antv,g6-mobile,0.3.2,,2026-05-19T02:06:01.572Z,2026-05-19T02:12:39.522Z
npm,,mcp-mermaid,0.6.1,,2026-05-19T02:05:59.756Z,2026-05-19T02:12:39.514Z
npm,@antv,l7-source,2.27.10,,2026-05-19T02:06:04.475Z,2026-05-19T02:12:39.482Z
npm,@antv,g-webgpu-engine,0.9.2,,2026-05-19T02:06:00.571Z,2026-05-19T02:12:39.482Z
npm,@antv,dipper-hooks,0.4.1,,2026-05-19T02:06:00.907Z,2026-05-19T02:12:39.472Z
npm,,lint-md,0.4.0,,2026-05-19T02:06:01.025Z,2026-05-19T02:12:39.453Z
npm,@antv,matrix-util,3.2.4,,2026-05-19T02:05:59.774Z,2026-05-19T02:12:39.415Z
npm,@antv,g2-brush,0.2.2,,2026-05-19T02:06:03.432Z,2026-05-19T02:12:39.414Z
npm,@antv,data-wizard,2.2.4,,2026-05-19T02:06:00.538Z,2026-05-19T02:12:39.412Z
npm,@antv,f2-my,4.2.52,,2026-05-19T02:05:59.897Z,2026-05-19T02:12:39.344Z
npm,@antv,my-f2-pc,0.3.1,,2026-05-19T02:05:59.615Z,2026-05-19T02:12:39.325Z
npm,@antv,g-web-animations-api,2.3.32,,2026-05-19T02:06:01.356Z,2026-05-19T02:12:39.308Z
npm,@antv,f6-core,0.2.2,,2026-05-19T02:06:03.557Z,2026-05-19T02:12:39.306Z
npm,@antv,x6-plugin-clipboard,2.3.6,,2026-05-19T02:06:00.874Z,2026-05-19T02:12:39.271Z
npm,@antv,l7-scene,2.27.10,,2026-05-19T02:05:59.692Z,2026-05-19T02:12:39.260Z
npm,@antv,x6-react,0.3.26,,2026-05-19T02:05:59.626Z,2026-05-19T02:12:39.227Z
npm,@antv,g-gesture,3.2.42,,2026-05-19T02:06:00.030Z,2026-05-19T02:12:39.210Z
npm,@antv,webgpu-graph,1.2.0,,2026-05-19T02:06:00.219Z,2026-05-19T02:12:39.208Z
npm,@antv,g-webgl-compute,0.2.1,,2026-05-19T02:06:01.025Z,2026-05-19T02:12:39.208Z
npm,@antv,layout-gpu,1.3.7,,2026-05-19T02:06:00.731Z,2026-05-19T02:12:39.136Z
npm,@antv,github-config-cli,0.3.0,,2026-05-19T02:05:59.614Z,2026-05-19T02:12:39.107Z
npm,@antv,color-schema,0.4.3,,2026-05-19T02:06:00.063Z,2026-05-19T02:12:39.081Z
npm,@antv,l7-district,2.5.12,,2026-05-19T02:05:59.943Z,2026-05-19T02:12:39.075Z
npm,@antv,g-plugin-rough-svg-renderer,2.3.1,,2026-05-19T02:05:59.640Z,2026-05-19T02:12:39.007Z
npm,,mcp-echarts,0.9.1,,2026-05-19T02:06:01.105Z,2026-05-19T02:12:38.990Z
npm,@antv,gi-assets-neo4j,2.3.15,,2026-05-19T02:06:00.760Z,2026-05-19T02:12:38.971Z
npm,@antv,g-canvas,2.4.0,,2026-05-19T02:06:00.418Z,2026-05-19T02:12:38.953Z
npm,@antv,g-base,0.7.16,,2026-05-19T02:06:03.322Z,2026-05-19T02:12:38.937Z
npm,@antv,event-emitter,0.3.3,,2026-05-19T02:06:00.421Z,2026-05-19T02:12:38.936Z
npm,@antv,g6-extension-react,0.4.7,,2026-05-19T02:06:00.736Z,2026-05-19T02:12:38.935Z
npm,,lint-md-cli,0.3.2,,2026-05-19T02:06:00.174Z,2026-05-19T02:12:38.874Z
npm,@antv,g-mobile-webgl,1.3.1,,2026-05-19T02:06:00.649Z,2026-05-19T02:12:38.826Z
npm,@antv,dipper-map,1.2.10,,2026-05-19T02:06:02.271Z,2026-05-19T02:12:38.825Z
npm,@antv,async-hook,2.4.9,,2026-05-19T02:06:00.993Z,2026-05-19T02:12:38.814Z
npm,@antv,semantic-release-pnpm,1.2.4,,2026-05-19T02:06:00.024Z,2026-05-19T02:12:38.800Z
npm,@antv,g-canvaskit,1.3.1,,2026-05-19T02:06:00.142Z,2026-05-19T02:12:38.796Z
npm,,fixed-round,1.2.2,,2026-05-19T02:05:59.744Z,2026-05-19T02:12:38.743Z
npm,,jest-random-mock,1.2.0,,2026-05-19T02:05:59.661Z,2026-05-19T02:12:38.740Z
npm,@antv,l7-mini,2.22.8,,2026-05-19T02:06:00.021Z,2026-05-19T02:12:38.708Z
npm,@antv,f2-react,5.16.0,,2026-05-19T02:05:59.663Z,2026-05-19T02:12:38.665Z
npm,@antv,g-webgpu-raytracer,0.7.1,,2026-05-19T02:06:01.183Z,2026-05-19T02:12:38.532Z
npm,@antv,g6-cli,0.2.4,,2026-05-19T02:06:01.077Z,2026-05-19T02:12:38.531Z
npm,@antv,gpt-vis,1.2.0,,2026-05-19T02:06:01.394Z,2026-05-19T02:12:38.515Z
npm,,slice.js,1.3.1,,2026-05-19T02:05:59.670Z,2026-05-19T02:12:38.503Z
npm,@antv,l7-leaflet,1.2.2,,2026-05-19T02:06:01.218Z,2026-05-19T02:12:38.381Z
npm,@antv,f6,0.2.19,,2026-05-19T02:06:01.471Z,2026-05-19T02:12:38.379Z
npm,@antv,f-my,1.12.0,,2026-05-19T02:06:00.638Z,2026-05-19T02:12:38.349Z
npm,@antv,g6-plugin,0.10.25,,2026-05-19T02:06:00.388Z,2026-05-19T02:12:38.340Z
npm,@antv,graphin-graphscope,1.2.5,,2026-05-19T02:06:01.340Z,2026-05-19T02:12:38.334Z
npm,@antv,g-plugin-mobile-interaction,1.2.42,,2026-05-19T02:05:59.555Z,2026-05-19T02:12:38.302Z
npm,@antv,g-plugin-image-loader,2.5.1,,2026-05-19T02:05:59.912Z,2026-05-19T02:12:38.281Z
npm,@antv,g-plugin-3d,2.3.1,,2026-05-19T02:06:00.804Z,2026-05-19T02:12:38.279Z
npm,@antv,g6-plugin-map-view,0.2.4,,2026-05-19T02:06:00.702Z,2026-05-19T02:12:38.274Z
npm,@antv,gi-assets-scene,2.4.21,,2026-05-19T02:06:01.683Z,2026-05-19T02:12:38.255Z
npm,@antv,chart-node-g6,0.2.4,,2026-05-19T02:06:01.252Z,2026-05-19T02:12:38.243Z
npm,,jest-canvas-mock,2.7.3,,2026-05-19T02:05:59.949Z,2026-05-19T02:12:38.217Z
npm,,gantt-for-react,0.4.0,,2026-05-19T02:05:59.963Z,2026-05-19T02:12:38.210Z
npm,@antv,g-camera-api,2.2.45,,2026-05-19T02:06:01.113Z,2026-05-19T02:12:38.198Z
npm,@antv,f-wx,1.12.0,,2026-05-19T02:05:59.859Z,2026-05-19T02:12:38.182Z
npm,@antv,g-mobile,1.3.5,,2026-05-19T02:06:00.033Z,2026-05-19T02:12:38.156Z
npm,@antv,narrative-text-editor,0.4.20,,2026-05-19T02:06:04.483Z,2026-05-19T02:12:38.137Z
npm,@antv,gi-assets-tugraph-analytics,0.4.15,,2026-05-19T02:06:00.651Z,2026-05-19T02:12:38.081Z
npm,@antv,path-util,3.2.1,,2026-05-19T02:06:00.376Z,2026-05-19T02:12:38.078Z
npm,@antv,gi-mock-data,1.2.5,,2026-05-19T02:05:59.653Z,2026-05-19T02:12:38.062Z
npm,@antv,f-lottie,1.12.0,,2026-05-19T02:06:00.098Z,2026-05-19T02:12:38.023Z
npm,@antv,gi-assets-galaxybase,1.4.15,,2026-05-19T02:06:02.196Z,2026-05-19T02:12:37.990Z
npm,,relationship.js,1.4.9,,2026-05-19T02:06:00.311Z,2026-05-19T02:12:37.990Z
npm,@antv,l7-maps,2.27.10,,2026-05-19T02:06:03.401Z,2026-05-19T02:12:37.984Z
npm,@lint-md,core,2.2.0,,2026-05-19T02:06:03.524Z,2026-05-19T02:12:37.970Z
npm,@antv,narrative-text-schema,0.5.7,,2026-05-19T02:06:00.279Z,2026-05-19T02:12:37.962Z
npm,@antv,f6-wx,0.2.7,,2026-05-19T02:06:00.293Z,2026-05-19T02:12:37.962Z
npm,@antv,f2-canvas,1.2.5,,2026-05-19T02:05:59.553Z,2026-05-19T02:12:37.940Z
npm,@antv,narrative-text-vis,0.5.16,,2026-05-19T02:06:04.756Z,2026-05-19T02:12:37.926Z
npm,@antv,f6-plugin,1.2.6,,2026-05-19T02:06:03.119Z,2026-05-19T02:12:37.894Z
npm,@antv,interaction,0.3.5,,2026-05-19T02:06:01.106Z,2026-05-19T02:12:37.881Z
npm,@antv,g-components,2.2.42,,2026-05-19T02:06:00.601Z,2026-05-19T02:12:37.867Z
npm,@antv,s2-react-components,2.3.2,,2026-05-19T02:06:04.752Z,2026-05-19T02:12:37.866Z
npm,@antv,g-webgl,2.3.1,,2026-05-19T02:06:00.970Z,2026-05-19T02:12:37.853Z
npm,,size-sensor,1.2.4,,2026-05-19T02:06:00.280Z,2026-05-19T02:12:37.838Z
npm,@antv,graphin,3.2.5,,2026-05-19T02:06:00.994Z,2026-05-19T02:12:37.688Z
npm,@antv,f6-element,0.2.1,,2026-05-19T02:06:00.712Z,2026-05-19T02:12:37.660Z
npm,,amapcn,0.3.2,,2026-05-19T02:05:59.265Z,2026-05-19T02:12:37.614Z
npm,@antv,g-plugin-annotation,1.4.0,,2026-05-19T02:06:00.190Z,2026-05-19T02:12:37.606Z
npm,@antv,g-plugin-webgl-device,1.11.17,,2026-05-19T02:06:00.564Z,2026-05-19T02:12:37.606Z
npm,,jest-date-mock,1.2.11,,2026-05-19T02:05:59.538Z,2026-05-19T02:12:37.570Z
npm,@antv,l7-react,2.6.3,,2026-05-19T02:06:03.466Z,2026-05-19T02:12:37.568Z
npm,@antv,g-plugin-a11y,1.6.1,,2026-05-19T02:05:59.859Z,2026-05-19T02:12:37.462Z
npm,@antv,f2-site,4.2.42,,2026-05-19T02:05:59.720Z,2026-05-19T02:12:37.434Z
npm,@antv,g-lite,2.9.0,,2026-05-19T02:06:04.310Z,2026-05-19T02:12:37.431Z
npm,@antv,react-g,2.3.1,,2026-05-19T02:06:01.288Z,2026-05-19T02:12:37.428Z
npm,@antv,algorithm,0.3.26,,2026-05-19T02:06:04.009Z,2026-05-19T02:12:37.427Z
npm,@antv,wx-f2,2.3.1,,2026-05-19T02:06:00.631Z,2026-05-19T02:12:37.393Z
npm,@antv,g-webgpu,2.3.1,,2026-05-19T02:06:00.948Z,2026-05-19T02:12:37.349Z
npm,@antv,thumbnails-component,2.2.0,,2026-05-19T02:06:01.261Z,2026-05-19T02:12:37.340Z
npm,@antv,g-device-api,1.8.13,,2026-05-19T02:06:02.746Z,2026-05-19T02:12:37.320Z
npm,@antv,g6-element,0.10.25,,2026-05-19T02:06:00.687Z,2026-05-19T02:12:37.306Z
npm,@antv,g-web-components,2.3.1,,2026-05-19T02:06:01.240Z,2026-05-19T02:12:37.303Z
npm,,echarts-for-react,3.2.7,,2026-05-19T02:06:00.194Z,2026-05-19T02:12:37.146Z
npm,@antv,word-scale-chart,0.5.4,,2026-05-19T02:05:59.767Z,2026-05-19T02:12:37.124Z
npm,,timeago-react,3.2.7,,2026-05-19T02:05:59.217Z,2026-05-19T02:12:37.092Z
npm,@antv,g2-extension-3d,0.4.0,,2026-05-19T02:06:02.016Z,2026-05-19T02:12:37.069Z
npm,@antv,f2-algorithm,5.9.0,,2026-05-19T02:05:59.882Z,2026-05-19T02:12:36.992Z
npm,@antv,x6-vue3-shape,1.2.0,,2026-05-19T02:06:01.005Z,2026-05-19T02:12:36.972Z
npm,@antv,gpt-vis-ssr,0.5.7,,2026-05-19T02:06:03.402Z,2026-05-19T02:12:36.806Z
npm,@antv,f-test-utils,1.2.9,,2026-05-19T02:05:59.713Z,2026-05-19T02:12:35.712Z
npm,@antv,g-webgpu-core,0.9.2,,2026-05-19T02:06:01.090Z,2026-05-19T02:12:35.358Z
npm,@lint-md,cli,2.2.0,,2026-05-19T02:06:01.430Z,2026-05-19T02:12:35.180Z
npm,@antv,g-plugin-yoga,2.5.1,,2026-05-19T02:06:00.728Z,2026-05-19T02:12:35.053Z
npm,@antv,li-core-assets,1.5.7,,2026-05-19T02:06:04.536Z,2026-05-19T02:12:34.604Z
npm,@antv,stat,0.2.2,,2026-05-19T02:06:01.276Z,2026-05-19T02:12:34.338Z
npm,@antv,l7-component,2.27.10,,2026-05-19T02:06:04.204Z,2026-05-19T02:12:34.272Z
npm,@antv,l7-three,2.27.10,,2026-05-19T02:06:01.367Z,2026-05-19T02:12:34.132Z
npm,@antv,expr,1.2.2,,2026-05-19T02:05:59.490Z,2026-05-19T02:12:34.125Z
npm,@antv,g-plugin-matterjs,2.3.1,,2026-05-19T02:06:00.672Z,2026-05-19T02:12:34.101Z
npm,@antv,ava-react,3.5.2,,2026-05-19T02:06:03.706Z,2026-05-19T02:12:33.999Z
npm,@antv,g-mobile-canvas-element,1.2.42,,2026-05-19T02:05:59.606Z,2026-05-19T02:12:33.989Z
npm,@antv,hierarchy,0.9.1,,2026-05-19T02:06:00.675Z,2026-05-19T02:12:33.988Z
npm,@antv,x6-plugin-history,2.4.4,,2026-05-19T02:06:00.423Z,2026-05-19T02:12:33.954Z
npm,@antv,li-sam-assets,0.3.4,,2026-05-19T02:06:04.946Z,2026-05-19T02:12:33.932Z
npm,@antv,g-perf,1.2.0,,2026-05-19T02:05:59.490Z,2026-05-19T02:12:33.903Z
npm,,react-adsense,0.3.0,,2026-05-19T02:05:59.608Z,2026-05-19T02:12:33.894Z
npm,,ast-plugin,0.2.7,,2026-05-19T02:05:59.592Z,2026-05-19T02:12:33.893Z
npm,@antv,g-plugin-gpgpu,1.11.20,,2026-05-19T02:05:59.981Z,2026-05-19T02:12:33.846Z
npm,@antv,f6-hammerjs,0.2.2,,2026-05-19T02:06:00.113Z,2026-05-19T02:12:33.830Z
npm,@antv,calendar-heatmap,1.3.2,,2026-05-19T02:06:00.603Z,2026-05-19T02:12:33.801Z
npm,,filesize.js,2.2.0,,2026-05-19T02:05:59.658Z,2026-05-19T02:12:33.801Z
npm,@antv,x6-plugin-minimap,2.2.7,,2026-05-19T02:06:01.016Z,2026-05-19T02:12:33.728Z
npm,@antv,dw-util,1.3.4,,2026-05-19T02:06:01.031Z,2026-05-19T02:12:33.722Z
npm,@antv,mcp-server-antv,0.3.8,,2026-05-19T02:06:00.943Z,2026-05-19T02:12:33.711Z
npm,@antv,layout-wasm,1.6.2,,2026-05-19T02:06:00.160Z,2026-05-19T02:12:33.710Z
npm,,xmorse,1.2.0,,2026-05-19T02:06:00.635Z,2026-05-19T02:12:33.706Z
npm,@antv,x6-plugin-keyboard,2.4.3,,2026-05-19T02:06:01.405Z,2026-05-19T02:12:33.686Z
npm,@antv,coord,0.6.7,,2026-05-19T02:06:03.612Z,2026-05-19T02:12:33.686Z
npm,@antv,g-plugin-canvas-picker,2.5.1,,2026-05-19T02:06:01.136Z,2026-05-19T02:12:33.655Z
npm,@antv,f6-ui,1.2.3,,2026-05-19T02:05:59.987Z,2026-05-19T02:12:33.654Z
npm,@antv,chart-visualization-skills,0.3.3,,2026-05-19T02:06:00.718Z,2026-05-19T02:12:33.643Z
npm,@antv,xflow-hook,1.2.55,,2026-05-19T02:06:00.601Z,2026-05-19T02:12:33.619Z
npm,,canvas-nest.js,2.2.4,,2026-05-19T02:05:59.764Z,2026-05-19T02:12:33.618Z
npm,@antv,insight-component,1.2.0,,2026-05-19T02:06:01.752Z,2026-05-19T02:12:33.590Z
npm,@antv,awards,0.2.9,,2026-05-19T02:06:01.288Z,2026-05-19T02:12:33.557Z
npm,@antv,my-f2,2.3.7,,2026-05-19T02:05:59.593Z,2026-05-19T02:12:33.552Z
npm,@antv,gi-cli,1.4.11,,2026-05-19T02:06:00.954Z,2026-05-19T02:12:33.540Z
npm,@antv,f2-wordcloud,5.16.0,,2026-05-19T02:06:00.365Z,2026-05-19T02:12:33.537Z
npm,,limit-size,0.3.4,,2026-05-19T02:05:59.542Z,2026-05-19T02:12:33.533Z
npm,,jest-expect,0.2.1,,2026-05-19T02:05:59.971Z,2026-05-19T02:12:33.532Z
npm,@antv,f2-context,0.2.1,,2026-05-19T02:06:00.889Z,2026-05-19T02:12:33.529Z
npm,@antv,thumbnails,2.2.0,,2026-05-19T02:06:03.664Z,2026-05-19T02:12:33.520Z
npm,@lint-md,parser,0.2.14,,2026-05-19T02:06:00.606Z,2026-05-19T02:12:33.511Z
npm,,babel-plugin-version,0.4.3,,2026-05-19T02:06:00.118Z,2026-05-19T02:12:33.501Z
npm,@antv,g2-extension-plot,0.4.2,,2026-05-19T02:05:59.906Z,2026-05-19T02:12:33.480Z
npm,@antv,gi-theme-antd,0.8.11,,2026-05-19T02:06:01.340Z,2026-05-19T02:12:33.480Z
npm,@antv,f2-wx,4.2.51,,2026-05-19T02:06:00.155Z,2026-05-19T02:12:33.468Z
npm,@antv,f2-vue,4.2.33,,2026-05-19T02:05:59.845Z,2026-05-19T02:12:33.455Z
npm,@antv,l7plot-component,0.2.11,,2026-05-19T02:06:03.744Z,2026-05-19T02:12:33.428Z
npm,@antv,g-compat,1.2.11,,2026-05-19T02:06:00.486Z,2026-05-19T02:12:33.386Z
npm,@antv,x6-plugin-selection,2.4.2,,2026-05-19T02:06:01.147Z,2026-05-19T02:12:33.380Z
npm,@antv,g6-editor,1.4.0,,2026-05-19T02:06:03.198Z,2026-05-19T02:12:33.371Z
npm,,onfire.js,2.2.1,,2026-05-19T02:05:59.545Z,2026-05-19T02:12:33.344Z
npm,@antv,dw-transform,1.3.7,,2026-05-19T02:06:00.969Z,2026-05-19T02:12:33.317Z
npm,@antv,g-pattern,2.2.42,,2026-05-19T02:05:59.847Z,2026-05-19T02:12:33.312Z
npm,@antv,g-plugin-device-renderer,2.8.1,,2026-05-19T02:06:03.446Z,2026-05-19T02:12:33.309Z
npm,@antv,g-math,3.3.0,,2026-05-19T02:06:00.926Z,2026-05-19T02:12:33.303Z
npm,@antv,gi-assets-graphscope,2.3.15,,2026-05-19T02:06:00.383Z,2026-05-19T02:12:33.287Z
npm,@antv,x6-vue-shape,3.2.2,,2026-05-19T02:06:01.244Z,2026-05-19T02:12:33.284Z
npm,@antv,l7,2.27.10,,2026-05-19T02:06:01.503Z,2026-05-19T02:12:33.277Z
npm,@antv,g2-extension-ava,0.4.0,,2026-05-19T02:06:00.663Z,2026-05-19T02:12:33.272Z
npm,@antv,ckb,2.2.4,,2026-05-19T02:06:00.988Z,2026-05-19T02:12:33.264Z
npm,@antv,li-aiearth-assets,0.6.7,,2026-05-19T02:06:05.527Z,2026-05-19T02:12:33.216Z
npm,@antv,g-plugin-dragndrop,2.3.1,,2026-05-19T02:05:59.966Z,2026-05-19T02:12:33.164Z
npm,@antv,g-plugin-css-select,2.3.1,,2026-05-19T02:05:59.935Z,2026-05-19T02:12:33.161Z
npm,@antv,s2-ssr,0.3.1,,2026-05-19T02:06:00.669Z,2026-05-19T02:12:33.161Z
npm,@antv,x6-react-shape,3.2.1,,2026-05-19T02:06:01.386Z,2026-05-19T02:12:33.160Z
npm,@antv,g6-plugins,1.2.9,,2026-05-19T02:06:00.260Z,2026-05-19T02:12:33.137Z
npm,@antv,istanbul,0.2.0,,2026-05-19T02:06:00.666Z,2026-05-19T02:12:33.114Z
npm,@antv,dw-analyzer,1.3.5,,2026-05-19T02:06:01.434Z,2026-05-19T02:12:33.052Z
npm,@antv,g-plugin-html-renderer,2.5.1,,2026-05-19T02:05:59.658Z,2026-05-19T02:12:33.048Z
npm,@antv,x6-plugin-snapline,2.3.7,,2026-05-19T02:06:00.669Z,2026-05-19T02:12:33.043Z
npm,@antv,g-svg,2.3.1,,2026-05-19T02:06:00.326Z,2026-05-19T02:12:33.033Z
npm,@antv,graphin-icons,1.2.0,,2026-05-19T02:05:59.727Z,2026-05-19T02:12:33.024Z
npm,@antv,g-css-layout-api,1.2.38,,2026-05-19T02:06:00.628Z,2026-05-19T02:12:32.977Z
npm,@antv,g,6.5.1,,2026-05-19T02:06:00.430Z,2026-05-19T02:12:32.959Z
npm,@antv,g-css-typed-om-api,1.2.38,,2026-05-19T02:05:59.931Z,2026-05-19T02:12:32.950Z
npm,@antv,g-layout-blocklike,1.9.49,,2026-05-19T02:05:59.846Z,2026-05-19T02:12:32.926Z
npm,@antv,g-plugin-zdog-canvas-renderer,2.3.1,,2026-05-19T02:06:00.136Z,2026-05-19T02:12:32.919Z
npm,@antv,g-mobile-canvas,1.3.1,,2026-05-19T02:06:01.250Z,2026-05-19T02:12:32.905Z
npm,@antv,f-react,1.12.0,,2026-05-19T02:06:00.339Z,2026-05-19T02:12:32.857Z
npm,@antv,gi-assets-hugegraph,1.3.15,,2026-05-19T02:06:00.910Z,2026-05-19T02:12:32.853Z
npm,,boring-avatars-vanilla,1.2.2,,2026-05-19T02:06:00.906Z,2026-05-19T02:12:32.823Z
npm,@antv,color-util,2.2.6,,2026-05-19T02:05:59.691Z,2026-05-19T02:12:32.811Z
npm,@antv,g-plugin-dom-interaction,2.3.31,,2026-05-19T02:05:59.992Z,2026-05-19T02:12:32.774Z
npm,@antv,s2-react-components,2.2.2,,2026-05-19T01:56:44.489Z,2026-05-19T02:11:35.937Z
npm,@antv,g6,5.2.1,,2026-05-19T01:56:42.224Z,2026-05-19T02:11:30.482Z
npm,@antv,gi-assets-scene,2.3.21,,2026-05-19T01:56:44.640Z,2026-05-19T02:11:30.390Z
npm,@antv,l7-editor,1.2.13,,2026-05-19T01:56:44.149Z,2026-05-19T02:11:22.530Z
npm,@antv,gi-assets-galaxybase,1.3.15,,2026-05-19T01:56:43.847Z,2026-05-19T02:11:13.185Z
npm,@antv,li-p2,1.9.2,,2026-05-19T01:56:41.942Z,2026-05-19T02:11:00.948Z
npm,@antv,infographic,0.3.19,,2026-05-19T01:56:42.294Z,2026-05-19T02:10:58.536Z
npm,@antv,li-core-assets,1.4.7,,2026-05-19T01:56:44.147Z,2026-05-19T02:10:47.566Z
npm,@antv,x6-vector,1.5.2,,2026-05-19T01:56:43.057Z,2026-05-19T02:10:36.844Z
npm,@antv,util,3.4.11,,2026-05-19T01:56:42.127Z,2026-05-19T02:10:23.829Z
npm,@antv,dipper-map,1.1.10,,2026-05-19T01:56:42.203Z,2026-05-19T02:10:23.033Z
npm,@antv,ava-react,3.4.2,,2026-05-19T01:56:44.404Z,2026-05-19T02:09:22.562Z
npm,@antv,li-aiearth-assets,0.5.7,,2026-05-19T01:56:45.787Z,2026-05-19T02:09:09.327Z
npm,@antv,x6-common,2.1.17,,2026-05-19T01:56:43.041Z,2026-05-19T02:09:01.570Z
npm,@antv,ava,3.5.1,,2026-05-19T01:56:44.170Z,2026-05-19T02:08:52.469Z
npm,@antv,g6-mobile,0.2.2,,2026-05-19T01:56:45.010Z,2026-05-19T02:08:47.054Z
npm,@antv,x6-components,0.11.7,,2026-05-19T01:56:44.306Z,2026-05-19T02:08:36.397Z
npm,@antv,l7plot,0.6.11,,2026-05-19T01:56:42.268Z,2026-05-19T02:08:30.259Z
npm,@antv,gi-assets-tugraph-analytics,0.3.15,,2026-05-19T01:56:43.970Z,2026-05-19T02:08:28.361Z
npm,@antv,g2-extension-3d,0.3.0,,2026-05-19T01:56:44.655Z,2026-05-19T02:08:27.419Z
npm,@antv,f6,0.1.19,,2026-05-19T01:56:45.112Z,2026-05-19T02:08:22.133Z
npm,@antv,l7-layers,2.26.10,,2026-05-19T01:56:44.544Z,2026-05-19T02:08:17.906Z
npm,@antv,smart-color,0.3.1,,2026-05-19T01:56:44.719Z,2026-05-19T02:08:16.288Z
npm,@antv,l7-extension-g-layer,1.1.0,,2026-05-19T01:56:44.159Z,2026-05-19T02:08:14.380Z
npm,@antv,xflow-extension,1.1.55,,2026-05-19T01:56:42.774Z,2026-05-19T02:08:14.101Z
npm,@antv,f-engine,1.11.0,,2026-05-19T01:56:44.717Z,2026-05-19T02:08:10.866Z
npm,@antv,component,2.2.11,,2026-05-19T01:56:42.156Z,2026-05-19T02:08:10.118Z
npm,@antv,gi-assets-algorithm,2.4.19,,2026-05-19T01:56:44.986Z,2026-05-19T02:08:02.891Z
npm,@antv,li-sdk,1.6.1,,2026-05-19T01:56:44.443Z,2026-05-19T02:07:58.796Z
npm,@antv,s2-vue,2.3.0,,2026-05-19T01:56:44.025Z,2026-05-19T02:07:56.134Z
npm,@antv,g6-editor,1.3.0,,2026-05-19T01:56:45.664Z,2026-05-19T02:07:50.845Z
npm,@antv,f6-plugin,1.1.6,,2026-05-19T01:56:43.766Z,2026-05-19T02:07:48.505Z
npm,@antv,layout-wasm,1.5.2,,2026-05-19T01:56:44.410Z,2026-05-19T02:07:41.879Z
npm,@antv,data-samples,1.1.1,,2026-05-19T01:56:44.798Z,2026-05-19T02:07:39.608Z
npm,@antv,gi-assets-xlab,0.2.30,,2026-05-19T01:56:44.717Z,2026-05-19T02:07:37.210Z
npm,@antv,li-sam-assets,0.2.4,,2026-05-19T01:56:46.046Z,2026-05-19T02:07:32.934Z
npm,@antv,f2-graphic,0.1.16,,2026-05-19T01:56:43.624Z,2026-05-19T02:07:24.134Z
npm,@antv,gi-assets-hugegraph,1.2.15,,2026-05-19T01:56:42.191Z,2026-05-19T02:07:17.876Z
npm,@antv,f6-hammerjs,0.1.2,,2026-05-19T01:56:41.549Z,2026-05-19T02:07:14.746Z
npm,@lint-md,core,2.1.0,,2026-05-19T01:56:43.908Z,2026-05-19T02:07:10.192Z
npm,@antv,xflow-core,1.1.55,,2026-05-19T01:56:42.648Z,2026-05-19T02:07:10.190Z
npm,@antv,gi-assets-tugraph,2.2.15,,2026-05-19T01:56:42.046Z,2026-05-19T02:07:09.935Z
npm,@antv,stat,0.1.2,,2026-05-19T01:56:42.461Z,2026-05-19T02:07:04.244Z
npm,@antv,chart-linter,1.2.6,,2026-05-19T01:56:43.805Z,2026-05-19T02:06:59.757Z
npm,@antv,l7-core,2.26.10,,2026-05-19T01:56:44.542Z,2026-05-19T02:06:53.767Z
npm,@antv,larkmap,1.6.1,,2026-05-19T01:56:44.145Z,2026-05-19T02:06:52.817Z
npm,@antv,dipper-component,0.1.4,,2026-05-19T01:56:42.105Z,2026-05-19T02:06:48.671Z
npm,@antv,t8,0.4.0,,2026-05-19T01:56:44.332Z,2026-05-19T02:06:41.118Z
npm,@antv,gi-assets-janusgraph,1.2.15,,2026-05-19T01:56:42.773Z,2026-05-19T02:06:33.523Z
npm,@antv,x6-react-components,2.1.9,,2026-05-19T01:56:44.889Z,2026-05-19T02:06:32.113Z
npm,@antv,webgpu-graph,1.1.0,,2026-05-19T01:56:42.089Z,2026-05-19T02:06:31.949Z
npm,@antv,g6-plugin-map-view,0.1.4,,2026-05-19T01:56:42.361Z,2026-05-19T02:06:30.400Z
npm,@antv,dipper-hooks,0.3.1,,2026-05-19T01:56:42.348Z,2026-05-19T02:06:27.602Z
npm,@antv,g6-core,0.9.24,,2026-05-19T01:56:43.095Z,2026-05-19T02:06:26.876Z
npm,@antv,g6-pc,0.9.25,,2026-05-19T01:56:45.245Z,2026-05-19T02:06:26.658Z
npm,@antv,s2-react,2.4.1,,2026-05-19T01:56:44.389Z,2026-05-19T02:06:25.908Z
npm,@antv,data-set,0.12.8,,2026-05-19T01:56:45.254Z,2026-05-19T02:06:25.716Z
npm,@antv,l7-composite-layers,0.18.1,,2026-05-19T01:56:44.594Z,2026-05-19T02:06:25.575Z
npm,@antv,f6-wx,0.1.7,,2026-05-19T01:56:41.974Z,2026-05-19T02:06:24.934Z
npm,@antv,l7-leaflet,1.1.2,,2026-05-19T01:56:42.532Z,2026-05-19T02:06:20.319Z
npm,@antv,calendar-heatmap,1.2.2,,2026-05-19T01:56:42.796Z,2026-05-19T02:06:20.250Z
npm,@antv,insight-component,1.1.0,,2026-05-19T01:56:45.036Z,2026-05-19T02:06:17.898Z
npm,@antv,gpt-vis-ssr,0.4.7,,2026-05-19T01:56:43.222Z,2026-05-19T02:06:14.419Z
npm,@antv,g-base,0.6.16,,2026-05-19T01:56:43.176Z,2026-05-19T02:06:14.143Z
npm,@antv,g6-react-node,1.5.8,,2026-05-19T01:56:44.000Z,2026-05-19T02:06:13.887Z
npm,,timeago.js,4.1.2,,2026-05-19T01:56:45.191Z,2026-05-19T02:06:09.008Z
npm,@antv,lite-insight,2.2.1,,2026-05-19T01:56:44.938Z,2026-05-19T02:06:07.795Z
npm,@antv,g-webgpu-compiler,0.8.2,,2026-05-19T01:56:43.972Z,2026-05-19T02:06:05.242Z
npm,@antv,g6-extension-3d,0.2.23,,2026-05-19T01:56:44.877Z,2026-05-19T02:06:02.009Z
npm,@antv,f6-core,0.1.2,,2026-05-19T01:56:43.910Z,2026-05-19T02:06:01.164Z
npm,@antv,gi-sdk,3.1.0,,2026-05-19T01:56:44.901Z,2026-05-19T02:06:00.408Z
npm,@antv,l7-react,2.5.3,,2026-05-19T01:56:43.614Z,2026-05-19T02:06:00.172Z
npm,@antv,mcp-server-antv,0.2.8,,2026-05-19T01:56:42.173Z,2026-05-19T02:05:59.582Z
npm,,lint-md,0.3.0,,2026-05-19T01:56:42.301Z,2026-05-19T02:05:59.004Z
npm,@antv,x6-vue3-shape,1.1.0,,2026-05-19T01:56:42.349Z,2026-05-19T02:05:58.316Z
npm,@antv,x6-plugin-minimap,2.1.7,,2026-05-19T01:56:42.965Z,2026-05-19T02:05:58.022Z
npm,@antv,xflow-diff,1.1.0,,2026-05-19T01:56:42.478Z,2026-05-19T02:05:56.414Z
npm,@antv,x6-geometry,2.1.5,,2026-05-19T01:56:44.041Z,2026-05-19T02:05:55.882Z
npm,@antv,g2plot-schemas,1.3.2,,2026-05-19T01:56:43.691Z,2026-05-19T02:05:55.731Z
npm,@antv,f-my,1.11.0,,2026-05-19T01:56:42.743Z,2026-05-19T02:05:53.217Z
npm,@antv,l7-source,2.26.10,,2026-05-19T01:56:43.446Z,2026-05-19T02:05:52.347Z
npm,@antv,l7plot-component,0.1.11,,2026-05-19T01:56:43.524Z,2026-05-19T02:05:51.678Z
npm,@antv,dw-transform,1.2.7,,2026-05-19T01:56:42.001Z,2026-05-19T02:05:51.262Z
npm,@antv,gi-common-components,1.4.16,,2026-05-19T01:56:43.434Z,2026-05-19T02:05:49.619Z
npm,@antv,l7-map,2.26.10,,2026-05-19T01:56:43.706Z,2026-05-19T02:05:46.913Z
npm,@antv,narrative-text-vis,0.4.16,,2026-05-19T01:56:44.703Z,2026-05-19T02:05:46.059Z
npm,@antv,f2-my,4.1.52,,2026-05-19T01:56:41.370Z,2026-05-19T02:05:45.793Z
npm,@antv,wx-f2,2.2.1,,2026-05-19T01:56:42.776Z,2026-05-19T02:05:42.925Z
npm,@antv,thumbnails,2.1.0,,2026-05-19T01:56:43.301Z,2026-05-19T02:05:42.686Z
npm,@antv,f-wx,1.11.0,,2026-05-19T01:56:41.004Z,2026-05-19T02:05:39.853Z
npm,@antv,mcp-server-chart,0.10.10,,2026-05-19T01:56:44.634Z,2026-05-19T02:05:39.444Z
npm,@antv,narrative-text-schema,0.4.7,,2026-05-19T01:56:42.382Z,2026-05-19T02:05:38.560Z
npm,@antv,interaction,0.2.5,,2026-05-19T01:56:42.615Z,2026-05-19T02:05:37.121Z
npm,@antv,l7-draw,3.2.5,,2026-05-19T01:56:45.514Z,2026-05-19T02:05:37.054Z
npm,@antv,g-perf,1.1.0,,2026-05-19T01:56:41.319Z,2026-05-19T02:05:36.325Z
npm,@antv,l7-maps,2.26.10,,2026-05-19T01:56:43.826Z,2026-05-19T02:05:33.745Z
npm,@antv,l7-district,2.4.12,,2026-05-19T01:56:44.786Z,2026-05-19T02:05:33.389Z
npm,@antv,g-webgpu-unitchart,0.6.1,,2026-05-19T01:56:42.773Z,2026-05-19T02:05:32.687Z
npm,@antv,gpt-vis,1.1.0,,2026-05-19T01:56:45.146Z,2026-05-19T02:05:32.558Z
npm,@antv,l7-utils,2.26.10,,2026-05-19T01:56:44.017Z,2026-05-19T02:05:32.069Z
npm,@antv,gl-matrix,2.8.1,,2026-05-19T01:56:44.118Z,2026-05-19T02:05:31.109Z
npm,@antv,gi-cli,1.3.11,,2026-05-19T01:56:42.393Z,2026-05-19T02:05:30.187Z
npm,@antv,f6-ui,1.1.3,,2026-05-19T01:56:41.786Z,2026-05-19T02:05:29.310Z
npm,@antv,narrative-text-editor,0.3.20,,2026-05-19T01:56:45.368Z,2026-05-19T02:05:28.894Z
npm,@antv,g-plugin-webgl-renderer,1.1.26,,2026-05-19T01:56:45.117Z,2026-05-19T02:05:28.176Z
npm,@antv,path-util,3.1.1,,2026-05-19T01:56:44.209Z,2026-05-19T02:05:27.277Z
npm,@antv,dw-util,1.2.4,,2026-05-19T01:56:42.583Z,2026-05-19T02:05:26.324Z
npm,@antv,gi-assets-graphscope,2.2.15,,2026-05-19T01:56:44.142Z,2026-05-19T02:05:25.869Z
npm,@antv,sam,0.3.0,,2026-05-19T01:56:42.863Z,2026-05-19T02:05:24.659Z
npm,@antv,torch,1.1.6,,2026-05-19T01:56:40.596Z,2026-05-19T02:05:24.511Z
npm,@antv,g6-plugin,0.9.25,,2026-05-19T01:56:44.533Z,2026-05-19T02:05:23.841Z
npm,@antv,l7-component,2.26.10,,2026-05-19T01:56:43.914Z,2026-05-19T02:05:23.820Z
npm,@antv,chart-visualization-skills,0.2.3,,2026-05-19T01:56:42.181Z,2026-05-19T02:05:23.095Z
npm,@antv,knowledge,1.2.4,,2026-05-19T01:56:42.572Z,2026-05-19T02:05:22.185Z
npm,@antv,g-plugin-matterjs,2.2.1,,2026-05-19T01:56:42.767Z,2026-05-19T02:05:19.343Z
npm,@antv,graphin-components,2.5.1,,2026-05-19T01:56:44.136Z,2026-05-19T02:05:19.246Z
npm,@antv,l7-renderer,2.26.10,,2026-05-19T01:56:44.859Z,2026-05-19T02:05:19.211Z
npm,@antv,data-wizard,2.1.4,,2026-05-19T01:56:43.780Z,2026-05-19T02:05:17.432Z
npm,@antv,g-lottie-player,1.2.1,,2026-05-19T01:56:42.664Z,2026-05-19T02:05:16.413Z
npm,@antv,g2-brush,0.1.2,,2026-05-19T01:56:43.644Z,2026-05-19T02:05:15.999Z
npm,@antv,adjust,0.3.5,,2026-05-19T01:56:41.829Z,2026-05-19T02:05:15.640Z
npm,@antv,gi-theme-antd,0.7.11,,2026-05-19T01:56:42.154Z,2026-05-19T02:05:14.003Z
npm,@antv,g-webgpu-core,0.8.2,,2026-05-19T01:56:43.425Z,2026-05-19T02:05:13.685Z
npm,@antv,ckb,2.1.4,,2026-05-19T01:56:42.384Z,2026-05-19T02:05:13.408Z
npm,@antv,gi-assets-neo4j,2.2.15,,2026-05-19T01:56:42.691Z,2026-05-19T02:05:13.126Z
npm,@antv,g-device-api,1.7.13,,2026-05-19T01:56:45.138Z,2026-05-19T02:05:12.944Z
npm,@antv,layout-gpu,1.2.7,,2026-05-19T01:56:42.613Z,2026-05-19T02:05:12.746Z
npm,@antv,dw-analyzer,1.2.5,,2026-05-19T01:56:42.725Z,2026-05-19T02:05:12.222Z
npm,@antv,g-webgpu-raytracer,0.6.1,,2026-05-19T01:56:42.378Z,2026-05-19T02:05:11.385Z
npm,@antv,x6-plugin-snapline,2.2.7,,2026-05-19T01:56:43.159Z,2026-05-19T02:05:10.334Z
npm,@antv,gi-public-data,1.1.1,,2026-05-19T01:56:42.675Z,2026-05-19T02:05:08.949Z
npm,@antv,g-plugin-yoga,2.4.1,,2026-05-19T01:56:42.696Z,2026-05-19T02:05:08.175Z
npm,@antv,f2-context,0.1.1,,2026-05-19T01:56:43.865Z,2026-05-19T02:05:07.847Z
npm,@antv,x6-react-shape,3.1.1,,2026-05-19T01:56:43.083Z,2026-05-19T02:05:05.920Z
npm,@antv,x6-plugin-stencil,2.2.5,,2026-05-19T01:56:42.703Z,2026-05-19T02:05:04.999Z
npm,@antv,g-mobile-webgl,1.2.1,,2026-05-19T01:56:42.867Z,2026-05-19T02:05:04.568Z
npm,@antv,gatsby-theme,0.2.0,,2026-05-19T01:56:42.448Z,2026-05-19T02:05:04.090Z
npm,@antv,x6-angular-shape,3.1.1,,2026-05-19T01:56:43.024Z,2026-05-19T02:05:03.839Z
npm,@antv,x6-plugin-dnd,2.2.1,,2026-05-19T01:56:42.821Z,2026-05-19T02:05:03.293Z
npm,@antv,dom-util,2.1.4,,2026-05-19T01:56:41.833Z,2026-05-19T02:05:03.014Z
npm,@antv,g-components,2.1.42,,2026-05-19T01:56:41.592Z,2026-05-19T02:05:02.792Z
npm,@antv,x6-plugin-selection,2.3.2,,2026-05-19T01:56:42.599Z,2026-05-19T02:05:02.121Z
npm,@antv,graphin-graphscope,1.1.5,,2026-05-19T01:56:42.821Z,2026-05-19T02:05:01.312Z
npm,@antv,x6-plugin-transform,2.2.8,,2026-05-19T01:56:42.302Z,2026-05-19T02:05:00.244Z
npm,@antv,g-plugin-device-renderer,2.7.1,,2026-05-19T01:56:43.801Z,2026-05-19T02:05:00.216Z
npm,@antv,x6-plugin-clipboard,2.2.6,,2026-05-19T01:56:43.405Z,2026-05-19T02:04:58.856Z
npm,@antv,awards,0.1.9,,2026-05-19T01:56:44.664Z,2026-05-19T02:04:58.854Z
npm,@antv,xflow,2.2.13,,2026-05-19T01:56:43.586Z,2026-05-19T02:04:58.207Z
npm,@antv,g-webgl-compute,0.1.1,,2026-05-19T01:56:43.241Z,2026-05-19T02:04:58.054Z
npm,@antv,g-pattern,2.1.42,,2026-05-19T01:56:42.912Z,2026-05-19T02:04:57.549Z
npm,@antv,x6-plugin-scroller,2.1.10,,2026-05-19T01:56:42.692Z,2026-05-19T02:04:56.775Z
npm,@antv,x6-plugin-keyboard,2.3.3,,2026-05-19T01:56:42.541Z,2026-05-19T02:04:54.041Z
npm,@antv,chart-node-g6,0.1.4,,2026-05-19T01:56:42.740Z,2026-05-19T02:04:54.006Z
npm,@antv,f2-wx,4.1.51,,2026-05-19T01:56:41.034Z,2026-05-19T02:04:53.442Z
npm,@antv,g-css-typed-om-api,1.1.38,,2026-05-19T01:56:40.805Z,2026-05-19T02:04:52.877Z
npm,@antv,g-plugin-rough-svg-renderer,2.2.1,,2026-05-19T01:56:42.901Z,2026-05-19T02:04:52.610Z
npm,@antv,attr,0.4.5,,2026-05-19T01:56:41.787Z,2026-05-19T02:04:52.177Z
npm,@antv,thumbnails-component,2.1.0,,2026-05-19T01:56:42.478Z,2026-05-19T02:04:52.040Z
npm,,mcp-echarts,0.8.1,,2026-05-19T01:56:44.865Z,2026-05-19T02:04:51.901Z
npm,@antv,f-test-utils,1.1.9,,2026-05-19T01:56:41.699Z,2026-05-19T02:04:50.590Z
npm,@antv,f-charts,0.1.0,,2026-05-19T01:56:42.459Z,2026-05-19T02:04:49.632Z
npm,@antv,g2-plugin-slider,2.2.1,,2026-05-19T01:56:42.765Z,2026-05-19T02:04:48.943Z
npm,@antv,f-lottie,1.11.0,,2026-05-19T01:56:41.624Z,2026-05-19T02:04:48.785Z
npm,@antv,x6-plugin-history,2.3.4,,2026-05-19T01:56:42.702Z,2026-05-19T02:04:48.178Z
npm,@antv,g-plugin-3d,2.2.1,,2026-05-19T01:56:42.231Z,2026-05-19T02:04:47.884Z
npm,@antv,d3-interpolate,1.1.3,,2026-05-19T01:56:42.407Z,2026-05-19T02:04:47.453Z
npm,@antv,xflow-hook,1.1.55,,2026-05-19T01:56:43.186Z,2026-05-19T02:04:44.992Z
npm,@antv,g-css-layout-api,1.1.38,,2026-05-19T01:56:42.709Z,2026-05-19T02:04:43.899Z
npm,@antv,g-webgpu,2.2.1,,2026-05-19T01:56:43.400Z,2026-05-19T02:04:43.770Z
npm,,lint-md-cli,0.2.2,,2026-05-19T01:56:40.642Z,2026-05-19T02:04:43.327Z
npm,@antv,g-plugin-rough-canvas-renderer,2.2.1,,2026-05-19T01:56:42.333Z,2026-05-19T02:04:42.043Z
npm,@antv,x6-react,0.2.26,,2026-05-19T01:56:41.188Z,2026-05-19T02:04:41.836Z
npm,@antv,color-schema,0.3.3,,2026-05-19T01:56:41.733Z,2026-05-19T02:04:41.725Z
npm,@antv,my-f2-pc,0.2.1,,2026-05-19T01:56:41.529Z,2026-05-19T02:04:41.409Z
npm,@antv,react-g,2.2.1,,2026-05-19T01:56:42.123Z,2026-05-19T02:04:40.019Z
npm,@antv,l7-scene,2.26.10,,2026-05-19T01:56:42.861Z,2026-05-19T02:04:39.590Z
npm,@antv,g-web-components,2.2.1,,2026-05-19T01:56:42.142Z,2026-05-19T02:04:39.099Z
npm,@antv,g6-cli,0.1.4,,2026-05-19T01:56:42.616Z,2026-05-19T02:04:38.318Z
npm,@antv,g-plugin-annotation,1.3.0,,2026-05-19T01:56:41.735Z,2026-05-19T02:04:38.317Z
npm,@antv,g-plugin-webgpu-device,1.10.17,,2026-05-19T01:56:42.695Z,2026-05-19T02:04:37.951Z
npm,@antv,g-plugin-canvaskit-renderer,2.4.1,,2026-05-19T01:56:42.854Z,2026-05-19T02:04:37.581Z
npm,,miz,1.1.1,,2026-05-19T01:56:42.223Z,2026-05-19T02:04:37.555Z
npm,@antv,l7-three,2.26.10,,2026-05-19T01:56:43.665Z,2026-05-19T02:04:37.449Z
npm,@antv,l7,2.26.10,,2026-05-19T01:56:43.799Z,2026-05-19T02:04:37.336Z
npm,@antv,event-emitter,0.2.3,,2026-05-19T01:56:41.360Z,2026-05-19T02:04:37.235Z
npm,@antv,g6-plugins,1.1.9,,2026-05-19T01:56:41.657Z,2026-05-19T02:04:36.650Z
npm,@antv,f2-vue,4.1.33,,2026-05-19T01:56:40.995Z,2026-05-19T02:04:36.634Z
npm,@antv,f2-site,4.1.42,,2026-05-19T01:56:41.325Z,2026-05-19T02:04:36.414Z
npm,@antv,x6-vue-shape,3.1.2,,2026-05-19T01:56:42.682Z,2026-05-19T02:04:35.564Z
npm,@antv,g2-ssr,0.3.0,,2026-05-19T01:56:41.925Z,2026-05-19T02:04:35.135Z
npm,@antv,hierarchy,0.8.1,,2026-05-19T01:56:43.023Z,2026-05-19T02:04:34.378Z
npm,@antv,s2-ssr,0.2.1,,2026-05-19T01:56:42.654Z,2026-05-19T02:04:32.905Z
npm,@antv,g-image-exporter,1.1.42,,2026-05-19T01:56:43.737Z,2026-05-19T02:04:32.000Z
npm,@antv,g-canvaskit,1.2.1,,2026-05-19T01:56:44.542Z,2026-05-19T02:04:30.986Z
npm,@antv,g-plugin-webgl-device,1.10.17,,2026-05-19T01:56:42.322Z,2026-05-19T02:04:29.236Z
npm,@antv,g6-ssr,0.2.1,,2026-05-19T01:56:42.452Z,2026-05-19T02:04:29.197Z
npm,@antv,g-webgl,2.2.1,,2026-05-19T01:56:42.451Z,2026-05-19T02:04:29.193Z
npm,@antv,dw-random,1.2.7,,2026-05-19T01:56:42.114Z,2026-05-19T02:04:27.834Z
npm,,limit-size,0.2.4,,2026-05-19T01:56:41.505Z,2026-05-19T02:04:27.022Z
npm,@antv,async-hook,2.3.9,,2026-05-19T01:56:42.626Z,2026-05-19T02:04:26.924Z
npm,@antv,g-mobile-canvas,1.2.1,,2026-05-19T01:56:43.179Z,2026-05-19T02:04:24.754Z
npm,@antv,g-plugin-gpgpu,1.10.20,,2026-05-19T01:56:40.996Z,2026-05-19T02:04:15.569Z
npm,@antv,g-layout-blocklike,1.8.49,,2026-05-19T01:56:40.864Z,2026-05-19T02:04:14.544Z
npm,@antv,geo-coord,1.1.8,,2026-05-19T01:56:41.980Z,2026-05-19T02:04:06.619Z
npm,@antv,istanbul,0.1.0,,2026-05-19T01:56:41.866Z,2026-05-19T02:03:57.266Z
npm,,echarts-for-react,3.1.7,,2026-05-19T01:56:44.075Z,2026-05-19T02:03:55.486Z
npm,,xmorse,1.1.0,,2026-05-19T01:56:43.104Z,2026-05-19T02:03:52.521Z
npm,@antv,g-compat,1.1.11,,2026-05-19T01:56:41.661Z,2026-05-19T02:03:46.475Z
npm,@lint-md,cli,2.1.0,,2026-05-19T01:56:42.067Z,2026-05-19T02:03:46.085Z
npm,@antv,g-mobile-svg,1.2.1,,2026-05-19T01:56:41.242Z,2026-05-19T02:03:44.923Z
npm,,word-width,1.1.1,,2026-05-19T01:56:40.545Z,2026-05-19T02:03:42.614Z
npm,@antv,f2-wordcloud,5.15.0,,2026-05-19T01:56:40.967Z,2026-05-19T02:03:40.144Z
npm,,filesize.js,2.1.0,,2026-05-19T01:56:41.258Z,2026-05-19T02:03:37.345Z
npm,@antv,f-vue,1.11.0,,2026-05-19T01:56:41.581Z,2026-05-19T02:03:34.316Z
npm,,amapcn,0.2.2,,2026-05-19T01:56:40.925Z,2026-05-19T02:03:31.574Z
npm,,react-adsense,0.2.0,,2026-05-19T01:56:40.962Z,2026-05-19T02:03:27.548Z
npm,@antv,l7-pass,1.1.0,,2026-05-19T01:56:40.697Z,2026-05-19T02:03:26.329Z
npm,@antv,g6-element,0.9.25,,2026-05-19T01:56:41.720Z,2026-05-19T02:03:24.213Z
npm,,gantt-for-react,0.3.0,,2026-05-19T01:56:41.293Z,2026-05-19T02:03:21.913Z
npm,@antv,expr,1.1.2,,2026-05-19T01:56:41.356Z,2026-05-19T02:03:21.823Z
npm,@antv,g-webgpu-engine,0.8.2,,2026-05-19T01:56:41.486Z,2026-05-19T02:03:20.964Z
npm,@antv,gi-sdk-app,1.3.10,,2026-05-19T01:56:40.463Z,2026-05-19T02:03:20.109Z
npm,,jest-random-mock,1.1.0,,2026-05-19T01:56:41.371Z,2026-05-19T02:03:19.740Z
npm,@antv,a8,0.1.1,,2026-05-19T01:56:42.199Z,2026-05-19T02:03:18.091Z
npm,@antv,f2-canvas,1.1.5,,2026-05-19T01:56:41.258Z,2026-05-19T02:03:17.300Z
npm,@antv,g2-extension-ava,0.3.0,,2026-05-19T01:56:41.460Z,2026-05-19T02:03:17.147Z
npm,@antv,f2-algorithm,5.8.0,,2026-05-19T01:56:40.698Z,2026-05-19T02:03:17.043Z
npm,@antv,g-plugin-zdog-canvas-renderer,2.2.1,,2026-05-19T01:56:41.158Z,2026-05-19T02:03:16.255Z
npm,@antv,x6-plugin-export,2.2.6,,2026-05-19T01:56:40.955Z,2026-05-19T02:03:16.176Z
npm,@antv,f6-element,0.1.1,,2026-05-19T01:56:42.075Z,2026-05-19T02:03:15.973Z
npm,,jest-expect,0.1.1,,2026-05-19T01:56:40.908Z,2026-05-19T02:03:15.894Z
npm,@antv,g-plugin-zdog-svg-renderer,2.2.1,,2026-05-19T01:56:40.838Z,2026-05-19T02:03:15.541Z
npm,,jest-less-loader,0.3.0,,2026-05-19T01:56:40.506Z,2026-05-19T02:03:15.539Z
npm,@antv,g-plugin-physx,2.2.1,,2026-05-19T01:56:41.120Z,2026-05-19T02:03:15.328Z
npm,@antv,f-react,1.11.0,,2026-05-19T01:56:41.011Z,2026-05-19T02:03:13.734Z
npm,,slice.js,1.2.1,,2026-05-19T01:56:41.126Z,2026-05-19T02:03:13.532Z
npm,@antv,word-scale-chart,0.4.4,,2026-05-19T01:56:40.777Z,2026-05-19T02:03:13.347Z
npm,,canvas-nest.js,2.1.4,,2026-05-19T01:56:41.944Z,2026-05-19T02:03:12.444Z
npm,@antv,g-plugin-box2d,2.2.1,,2026-05-19T01:56:41.108Z,2026-05-19T02:03:11.386Z
npm,,ai-figure,0.5.0,,2026-05-19T01:56:42.843Z,2026-05-19T02:03:10.234Z
npm,,jest-electron,0.2.12,,2026-05-19T01:56:42.631Z,2026-05-19T02:03:09.680Z
npm,@antv,g-plugin-mobile-interaction,1.1.42,,2026-05-19T01:56:40.712Z,2026-05-19T02:03:08.132Z
npm,@antv,graphin-icons,1.1.0,,2026-05-19T01:56:41.387Z,2026-05-19T02:03:07.931Z
npm,,uri-parse,1.1.0,,2026-05-19T01:56:40.624Z,2026-05-19T02:03:07.547Z
npm,@antv,l7-mini,2.21.8,,2026-05-19T01:56:40.563Z,2026-05-19T02:03:07.357Z
npm,@antv,f2-react,5.15.0,,2026-05-19T01:56:40.750Z,2026-05-19T02:03:06.986Z
npm,@lint-md,parser,0.1.14,,2026-05-19T01:56:42.624Z,2026-05-19T02:03:05.666Z
npm,@antv,d3-color,1.1.0,,2026-05-19T01:56:40.795Z,2026-05-19T02:03:05.551Z
npm,@antv,color-util,2.1.6,,2026-05-19T01:56:41.039Z,2026-05-19T02:03:05.431Z
npm,@antv,matrix-util,3.1.4,,2026-05-19T01:56:41.004Z,2026-05-19T02:03:05.374Z
npm,@antv,github-config-cli,0.2.0,,2026-05-19T01:56:40.838Z,2026-05-19T02:03:04.449Z
npm,@antv,gi-mock-data,1.1.5,,2026-05-19T01:56:40.761Z,2026-05-19T02:03:04.302Z
npm,@antv,g-plugin-a11y,1.5.1,,2026-05-19T01:56:41.379Z,2026-05-19T02:03:04.286Z
npm,,mcp-mermaid,0.5.1,,2026-05-19T01:56:40.854Z,2026-05-19T02:03:03.867Z
npm,@antv,translator,1.1.1,,2026-05-19T01:56:41.182Z,2026-05-19T02:03:03.630Z
npm,@antv,semantic-release-pnpm,1.1.4,,2026-05-19T01:56:40.746Z,2026-05-19T02:03:03.537Z
npm,,timeago-react,3.1.7,,2026-05-19T01:56:41.142Z,2026-05-19T02:03:03.410Z
npm,@antv,l7-mapkit,0.6.0,,2026-05-19T01:56:40.848Z,2026-05-19T02:03:03.318Z
npm,@antv,g-mobile-canvas-element,1.1.42,,2026-05-19T01:56:41.404Z,2026-05-19T02:03:02.827Z
npm,@antv,g6-wx,0.1.1,,2026-05-19T01:56:41.475Z,2026-05-19T02:03:02.799Z
npm,,ast-plugin,0.1.7,,2026-05-19T01:56:40.640Z,2026-05-19T02:03:00.423Z
npm,@antv,g-plugin-control,2.2.1,,2026-05-19T01:56:41.411Z,2026-05-19T02:03:00.313Z
npm,,onfire.js,2.1.1,,2026-05-19T01:56:41.434Z,2026-05-19T02:02:58.551Z
npm,@antv,f6-alipay,0.1.7,,2026-05-19T01:56:40.771Z,2026-05-19T02:02:58.271Z
npm,@antv,vis-predict-engine,0.2.1,,2026-05-19T01:56:40.734Z,2026-05-19T02:02:57.414Z
npm,,jest-url-loader,0.2.0,,2026-05-19T01:56:40.572Z,2026-05-19T02:02:57.361Z
npm,@antv,g-plugin-gesture,2.2.1,,2026-05-19T01:56:40.455Z,2026-05-19T02:02:56.943Z
npm,@antv,my-f2,2.2.7,,2026-05-19T01:56:41.196Z,2026-05-19T02:02:56.891Z
npm,,boring-avatars-vanilla,1.1.2,,2026-05-19T01:56:42.428Z,2026-05-19T02:02:55.534Z
npm,@antv,g6-alipay,0.1.1,,2026-05-19T01:56:41.185Z,2026-05-19T02:02:54.547Z
npm,,babel-plugin-version,0.3.3,,2026-05-19T01:56:40.369Z,2026-05-19T02:02:54.283Z
npm,@antv,g-plugin-css-select,2.2.1,,2026-05-19T01:56:41.088Z,2026-05-19T02:02:53.334Z
npm,@antv,g-shader-components,2.1.0,,2026-05-19T01:56:40.728Z,2026-05-19T02:02:52.854Z
npm,@antv,g-mobile,1.2.5,,2026-05-19T01:56:40.850Z,2026-05-19T02:02:52.538Z
npm,@antv,g-gesture,3.1.42,,2026-05-19T01:56:41.132Z,2026-05-19T02:02:52.461Z
npm,,fixed-round,1.1.2,,2026-05-19T01:56:40.358Z,2026-05-19T02:02:51.358Z
npm,,relationship.js,1.3.9,,2026-05-19T01:56:40.972Z,2026-05-19T02:02:42.621Z
npm,@antv,g-web-animations-api,2.2.32,,2026-05-19T01:56:42.558Z,2026-05-19T02:02:39.418Z
npm,@antv,g-plugin-svg-renderer,2.5.1,,2026-05-19T01:56:42.253Z,2026-05-19T02:02:39.023Z
npm,@antv,g-plugin-svg-picker,2.1.46,,2026-05-19T01:56:40.788Z,2026-05-19T02:02:38.992Z
npm,@antv,g-canvas,2.3.0,,2026-05-19T01:56:44.076Z,2026-05-19T02:02:38.333Z
npm,@antv,g-plugin-dom-interaction,2.2.31,,2026-05-19T01:56:41.174Z,2026-05-19T02:02:38.284Z
npm,@antv,g-plugin-canvas-path-generator,2.2.26,,2026-05-19T01:56:42.807Z,2026-05-19T02:02:38.092Z
npm,@antv,g-plugin-dragndrop,2.2.1,,2026-05-19T01:56:41.489Z,2026-05-19T02:02:37.781Z
npm,@antv,g-plugin-html-renderer,2.4.1,,2026-05-19T01:56:41.576Z,2026-05-19T02:02:37.407Z
npm,@antv,g,6.4.1,,2026-05-19T01:56:44.815Z,2026-05-19T02:02:36.868Z
npm,@antv,g6-extension-react,0.3.7,,2026-05-19T01:56:41.814Z,2026-05-19T02:02:36.603Z
npm,@antv,coord,0.5.7,,2026-05-19T01:56:43.548Z,2026-05-19T02:02:36.597Z
npm,@antv,g-math,3.2.0,,2026-05-19T01:56:42.970Z,2026-05-19T02:02:36.584Z
npm,@antv,graphin,3.1.5,,2026-05-19T01:56:42.235Z,2026-05-19T02:02:36.439Z
npm,,size-sensor,1.1.4,,2026-05-19T01:56:40.635Z,2026-05-19T02:02:36.225Z
npm,@antv,g2-extension-plot,0.3.2,,2026-05-19T01:56:44.423Z,2026-05-19T02:02:36.034Z
npm,@antv,g-plugin-canvas-picker,2.4.1,,2026-05-19T01:56:42.930Z,2026-05-19T02:02:35.702Z
npm,@antv,g-camera-api,2.1.45,,2026-05-19T01:56:43.016Z,2026-05-19T02:02:35.158Z
npm,@antv,algorithm,0.2.26,,2026-05-19T01:56:43.545Z,2026-05-19T02:02:33.190Z
npm,,jest-canvas-mock,2.6.3,,2026-05-19T01:56:42.768Z,2026-05-19T02:02:29.611Z
npm,,jest-date-mock,1.1.11,,2026-05-19T01:56:41.248Z,2026-05-19T02:02:29.575Z
npm,@antv,scale,0.6.2,,2026-05-19T01:56:44.728Z,2026-05-19T02:02:26.361Z
npm,@antv,g-plugin-canvas-renderer,2.6.1,,2026-05-19T01:56:42.587Z,2026-05-19T02:02:26.144Z
npm,@antv,g-dom-mutation-observer-api,2.1.42,,2026-05-19T01:56:41.495Z,2026-05-19T02:02:25.830Z
npm,@antv,g-plugin-image-loader,2.4.1,,2026-05-19T01:56:42.922Z,2026-05-19T02:02:25.828Z
npm,@antv,g-svg,2.2.1,,2026-05-19T01:56:44.479Z,2026-05-19T02:02:25.813Z
npm,@antv,g-lite,2.8.0,,2026-05-19T01:56:44.988Z,2026-05-19T02:02:25.665Z
pypi,,mistralai,2.4.6,,2026-05-12T00:05:16.616Z,2026-05-12T03:05:38.635Z
pypi,,mistralai,2.4.6,,2026-05-12T00:05:16.616Z,2026-05-12T03:05:17.887Z
npm,@opensearch-project,opensearch,3.5.3,,2026-05-12T00:47:39.185Z,2026-05-12T02:14:34.224Z
npm,@opensearch-project,opensearch,3.8.0,,2026-05-12T00:43:54.445Z,2026-05-12T02:12:45.067Z
npm,@opensearch-project,opensearch,3.7.0,,2026-05-12T00:42:29.686Z,2026-05-12T02:11:40.311Z
pypi,,guardrails-ai,0.10.1,,2026-05-12T00:47:09.805Z,2026-05-12T00:59:36.318Z
pypi,,guardrails-ai,0.10.1,,2026-05-12T00:47:09.805Z,2026-05-12T00:59:31.444Z
npm,@opensearch-project,opensearch,3.6.2,,2026-05-12T00:29:34.210Z,2026-05-12T00:36:40.968Z
npm,,cross-stitch,1.1.7,,2026-05-11T23:52:17.867Z,2026-05-11T23:57:49.768Z
npm,@squawk,fix-data,0.6.8,,2026-05-11T23:52:08.323Z,2026-05-11T23:57:46.061Z
npm,@squawk,weather,0.5.10,,2026-05-11T23:51:55.267Z,2026-05-11T23:57:43.472Z
npm,@squawk,icao-registry-data,0.8.8,,2026-05-11T23:52:23.156Z,2026-05-11T23:57:40.672Z
npm,@squawk,airport-data,0.7.8,,2026-05-11T23:52:18.361Z,2026-05-11T23:57:39.719Z
npm,@squawk,flightplan,0.5.6,,2026-05-11T23:51:54.739Z,2026-05-11T23:57:36.860Z
npm,@squawk,units,0.4.7,,2026-05-11T23:51:54.457Z,2026-05-11T23:57:31.082Z
npm,@squawk,flight-math,0.5.8,,2026-05-11T23:51:54.371Z,2026-05-11T23:57:31.028Z
npm,@squawk,mcp,0.9.5,,2026-05-11T23:51:55.508Z,2026-05-11T23:57:30.431Z
npm,@squawk,fixes,0.3.6,,2026-05-11T23:51:54.445Z,2026-05-11T23:57:29.578Z
npm,@squawk,airspace-data,0.5.7,,2026-05-11T23:52:09.491Z,2026-05-11T23:57:27.971Z
npm,@squawk,procedure-data,0.7.7,,2026-05-11T23:52:12.606Z,2026-05-11T23:57:27.660Z
npm,@squawk,navaids,0.4.6,,2026-05-11T23:51:54.173Z,2026-05-11T23:57:26.950Z
npm,@squawk,procedures,0.5.6,,2026-05-11T23:51:55.196Z,2026-05-11T23:57:26.346Z
npm,@squawk,notams,0.3.10,,2026-05-11T23:51:51.623Z,2026-05-11T23:56:50.086Z
npm,@squawk,airways,0.4.6,,2026-05-11T23:51:49.611Z,2026-05-11T23:56:37.581Z
npm,@squawk,airports,0.6.6,,2026-05-11T23:51:52.328Z,2026-05-11T23:56:34.933Z
npm,,ts-dna,3.0.5,,2026-05-11T23:51:53.011Z,2026-05-11T23:56:27.547Z
npm,@squawk,types,0.8.5,,2026-05-11T23:51:52.501Z,2026-05-11T23:56:25.961Z
npm,@squawk,icao-registry,0.5.6,,2026-05-11T23:51:51.316Z,2026-05-11T23:56:25.149Z
npm,@squawk,airspace,0.8.5,,2026-05-11T23:51:53.026Z,2026-05-11T23:56:24.935Z
npm,@squawk,geo,0.4.8,,2026-05-11T23:51:52.532Z,2026-05-11T23:56:24.723Z
npm,@squawk,navaid-data,0.6.8,,2026-05-11T23:51:50.572Z,2026-05-11T23:56:24.688Z
npm,@squawk,airway-data,0.5.8,,2026-05-11T23:51:56.453Z,2026-05-11T23:53:54.188Z
npm,@mistralai,mistralai,2.2.4,,2026-05-11T22:53:59.784Z,2026-05-11T23:07:59.525Z
npm,@squawk,mcp,0.9.4,,2026-05-11T22:57:02.112Z,2026-05-11T23:02:54.383Z
npm,@squawk,types,0.8.3,,2026-05-11T22:55:28.884Z,2026-05-11T23:02:12.143Z
npm,@beproduct,nestjs-auth,0.1.18,,2026-05-11T22:55:03.941Z,2026-05-11T23:02:09.731Z
npm,@squawk,airspace-data,0.5.5,,2026-05-11T22:55:28.875Z,2026-05-11T23:02:07.002Z
npm,,ts-dna,3.0.4,,2026-05-11T22:57:01.936Z,2026-05-11T23:02:05.790Z
npm,,git-git-git,1.0.12,,2026-05-11T22:56:34.548Z,2026-05-11T23:02:05.743Z
npm,@squawk,airway-data,0.5.7,,2026-05-11T22:57:02.533Z,2026-05-11T23:02:05.462Z
npm,@squawk,airports,0.6.5,,2026-05-11T22:57:02.412Z,2026-05-11T23:02:05.321Z
npm,,git-branch-selector,1.3.7,,2026-05-11T22:56:34.934Z,2026-05-11T23:02:05.085Z
npm,@tallyui,pos,0.1.3,,2026-05-11T22:55:40.813Z,2026-05-11T23:02:05.061Z
npm,@tallyui,connector-vendure,1.0.3,,2026-05-11T22:55:41.147Z,2026-05-11T23:02:04.584Z
npm,,cross-stitch,1.1.5,,2026-05-11T22:55:28.996Z,2026-05-11T23:02:04.442Z
npm,@supersurkhet,cli,0.0.7,,2026-05-11T22:55:49.498Z,2026-05-11T23:02:04.366Z
npm,@squawk,mcp,0.9.3,,2026-05-11T22:55:28.769Z,2026-05-11T23:02:04.362Z
npm,@squawk,flightplan,0.5.5,,2026-05-11T22:57:01.980Z,2026-05-11T23:02:04.332Z
npm,@squawk,fix-data,0.6.7,,2026-05-11T22:57:02.842Z,2026-05-11T23:02:04.318Z
npm,@squawk,airspace-data,0.5.6,,2026-05-11T22:57:02.877Z,2026-05-11T23:02:04.270Z
npm,,git-branch-selector,1.3.6,,2026-05-11T22:54:58.300Z,2026-05-11T23:02:04.177Z
npm,@taskflow-corp,cli,0.1.29,,2026-05-11T22:55:49.701Z,2026-05-11T23:02:04.162Z
npm,@squawk,icao-registry-data,0.8.6,,2026-05-11T22:55:28.892Z,2026-05-11T23:02:04.045Z
npm,@squawk,geo,0.4.7,,2026-05-11T22:57:02.414Z,2026-05-11T23:02:04.006Z
npm,@squawk,airport-data,0.7.7,,2026-05-11T22:57:02.128Z,2026-05-11T23:02:04.004Z
npm,@squawk,weather,0.5.8,,2026-05-11T22:55:28.053Z,2026-05-11T23:02:03.915Z
npm,@squawk,geo,0.4.6,,2026-05-11T22:55:28.726Z,2026-05-11T23:02:03.784Z
npm,@squawk,flight-math,0.5.7,,2026-05-11T22:57:02.225Z,2026-05-11T23:02:03.739Z
npm,@squawk,icao-registry,0.5.5,,2026-05-11T22:57:02.363Z,2026-05-11T23:02:03.705Z
npm,@beproduct,nestjs-auth,0.1.19,,2026-05-11T22:56:39.843Z,2026-05-11T23:02:03.702Z
npm,,nextmove-mcp,0.1.7,,2026-05-11T22:56:34.621Z,2026-05-11T23:02:03.699Z
npm,@squawk,airways,0.4.4,,2026-05-11T22:55:28.758Z,2026-05-11T23:02:03.673Z
npm,@tolka,cli,1.0.5,,2026-05-11T22:54:58.678Z,2026-05-11T23:02:03.656Z
npm,@squawk,airways,0.4.5,,2026-05-11T22:57:02.453Z,2026-05-11T23:02:03.632Z
npm,@squawk,fixes,0.3.5,,2026-05-11T22:57:00.619Z,2026-05-11T23:02:03.631Z
npm,,cmux-agent-mcp,0.1.8,,2026-05-11T22:55:49.690Z,2026-05-11T23:02:03.609Z
npm,@tallyui,connector-shopify,1.0.3,,2026-05-11T22:55:40.903Z,2026-05-11T23:02:03.575Z
npm,@squawk,flight-math,0.5.6,,2026-05-11T22:55:28.496Z,2026-05-11T23:02:03.556Z
npm,@squawk,icao-registry,0.5.4,,2026-05-11T22:55:28.558Z,2026-05-11T23:02:03.554Z
npm,@tallyui,components,1.0.3,,2026-05-11T22:55:41.066Z,2026-05-11T23:02:03.537Z
npm,@squawk,navaids,0.4.5,,2026-05-11T22:57:00.606Z,2026-05-11T23:02:03.420Z
npm,,cross-stitch,1.1.6,,2026-05-11T22:57:02.259Z,2026-05-11T23:02:03.395Z
npm,@squawk,notams,0.3.9,,2026-05-11T22:57:01.962Z,2026-05-11T23:02:03.360Z
npm,@squawk,notams,0.3.8,,2026-05-11T22:55:28.582Z,2026-05-11T23:02:03.346Z
npm,@tallyui,theme,0.2.3,,2026-05-11T22:55:41.018Z,2026-05-11T23:02:03.323Z
npm,@squawk,navaids,0.4.4,,2026-05-11T22:55:27.297Z,2026-05-11T23:02:03.253Z
npm,,wot-api,0.8.3,,2026-05-11T22:55:34.086Z,2026-05-11T23:02:03.253Z
npm,@squawk,icao-registry-data,0.8.7,,2026-05-11T22:57:03.428Z,2026-05-11T23:02:03.153Z
npm,@tolka,cli,1.0.6,,2026-05-11T22:56:34.596Z,2026-05-11T23:02:03.148Z
npm,@supersurkhet,sdk,0.0.7,,2026-05-11T22:55:49.846Z,2026-05-11T23:02:03.141Z
npm,@squawk,airspace,0.8.3,,2026-05-11T22:55:28.644Z,2026-05-11T23:02:03.130Z
npm,@squawk,procedure-data,0.7.5,,2026-05-11T22:55:28.927Z,2026-05-11T23:02:03.070Z
npm,@squawk,types,0.8.4,,2026-05-11T22:57:01.236Z,2026-05-11T23:02:02.985Z
npm,@squawk,units,0.4.5,,2026-05-11T22:55:27.445Z,2026-05-11T23:02:02.981Z
npm,@squawk,airspace,0.8.4,,2026-05-11T22:57:02.254Z,2026-05-11T23:02:02.970Z
npm,@squawk,procedures,0.5.4,,2026-05-11T22:55:27.349Z,2026-05-11T23:02:02.961Z
npm,@squawk,flightplan,0.5.4,,2026-05-11T22:55:28.513Z,2026-05-11T23:02:02.960Z
npm,@squawk,fixes,0.3.4,,2026-05-11T22:55:27.325Z,2026-05-11T23:02:02.949Z
npm,@squawk,procedures,0.5.5,,2026-05-11T22:57:02.484Z,2026-05-11T23:02:02.867Z
npm,@tallyui,storage-sqlite,0.2.3,,2026-05-11T22:55:41.308Z,2026-05-11T23:02:02.864Z
npm,@tallyui,connector-woocommerce,1.0.3,,2026-05-11T22:55:41.144Z,2026-05-11T23:02:02.849Z
npm,@squawk,units,0.4.6,,2026-05-11T22:57:02.066Z,2026-05-11T23:02:02.845Z
npm,@tallyui,database,1.0.3,,2026-05-11T22:55:41.258Z,2026-05-11T23:02:02.841Z
npm,@squawk,navaid-data,0.6.7,,2026-05-11T22:57:02.601Z,2026-05-11T23:02:02.832Z
npm,@squawk,airport-data,0.7.6,,2026-05-11T22:55:28.812Z,2026-05-11T23:02:02.832Z
npm,@squawk,procedure-data,0.7.6,,2026-05-11T22:57:02.647Z,2026-05-11T23:02:02.766Z
npm,@squawk,airports,0.6.4,,2026-05-11T22:55:28.641Z,2026-05-11T23:02:02.723Z
npm,@tallyui,connector-medusa,1.0.3,,2026-05-11T22:55:40.822Z,2026-05-11T23:02:02.715Z
npm,@squawk,airway-data,0.5.6,,2026-05-11T22:55:28.609Z,2026-05-11T23:02:02.573Z
npm,,git-git-git,1.0.11,,2026-05-11T22:54:58.281Z,2026-05-11T23:02:02.571Z
npm,,nextmove-mcp,0.1.6,,2026-05-11T22:54:58.295Z,2026-05-11T23:02:02.417Z
npm,,wot-api,0.8.4,,2026-05-11T22:57:08.421Z,2026-05-11T23:02:02.352Z
npm,@squawk,weather,0.5.9,,2026-05-11T22:57:02.061Z,2026-05-11T23:02:02.305Z
npm,,ts-dna,3.0.3,,2026-05-11T22:55:28.239Z,2026-05-11T23:02:02.298Z
npm,@squawk,navaid-data,0.6.6,,2026-05-11T22:55:28.857Z,2026-05-11T23:02:02.199Z
npm,@squawk,fix-data,0.6.6,,2026-05-11T22:55:28.667Z,2026-05-11T23:02:01.985Z
npm,@tallyui,core,0.2.3,,2026-05-11T22:55:40.928Z,2026-05-11T23:02:01.971Z
npm,@mistralai,mistralai,2.2.3,,2026-05-11T22:49:23.971Z,2026-05-11T23:00:13.131Z
npm,@mistralai,mistralai,2.2.2,,2026-05-11T22:45:38.894Z,2026-05-11T23:00:07.535Z
npm,@mistralai,mistralai-azure,1.7.3,,2026-05-11T22:53:59.333Z,2026-05-11T22:59:58.941Z
npm,@mistralai,mistralai-gcp,1.7.3,,2026-05-11T22:53:59.298Z,2026-05-11T22:59:56.325Z
npm,,git-git-git,1.0.10,,2026-05-11T22:48:16.026Z,2026-05-11T22:57:59.629Z
npm,,nextmove-mcp,0.1.5,,2026-05-11T22:48:16.612Z,2026-05-11T22:55:59.325Z
npm,@supersurkhet,sdk,0.0.6,,2026-05-11T22:49:11.686Z,2026-05-11T22:55:05.701Z
npm,@taskflow-corp,cli,0.1.28,,2026-05-11T22:49:11.836Z,2026-05-11T22:55:04.661Z
npm,,cmux-agent-mcp,0.1.7,,2026-05-11T22:49:11.930Z,2026-05-11T22:55:02.751Z
npm,@squawk,mcp,0.9.2,,2026-05-11T22:48:48.133Z,2026-05-11T22:55:01.646Z
npm,,cross-stitch,1.1.4,,2026-05-11T22:48:48.947Z,2026-05-11T22:54:57.553Z
npm,@supersurkhet,cli,0.0.6,,2026-05-11T22:49:11.953Z,2026-05-11T22:54:56.052Z
npm,@squawk,airspace-data,0.5.4,,2026-05-11T22:48:47.268Z,2026-05-11T22:54:38.668Z
npm,@tallyui,theme,0.2.2,,2026-05-11T22:49:01.823Z,2026-05-11T22:54:29.023Z
npm,@squawk,types,0.8.2,,2026-05-11T22:48:48.165Z,2026-05-11T22:54:28.666Z
npm,@squawk,geo,0.4.5,,2026-05-11T22:48:46.938Z,2026-05-11T22:54:27.455Z
npm,@tallyui,connector-medusa,1.0.2,,2026-05-11T22:49:02.277Z,2026-05-11T22:54:26.603Z
npm,@squawk,airspace,0.8.2,,2026-05-11T22:48:46.596Z,2026-05-11T22:54:26.511Z
npm,@tallyui,connector-woocommerce,1.0.2,,2026-05-11T22:49:01.803Z,2026-05-11T22:54:26.283Z
npm,@squawk,airway-data,0.5.5,,2026-05-11T22:48:48.420Z,2026-05-11T22:54:24.687Z
npm,@tallyui,pos,0.1.2,,2026-05-11T22:49:01.999Z,2026-05-11T22:54:22.314Z
npm,@tallyui,components,1.0.2,,2026-05-11T22:49:01.944Z,2026-05-11T22:54:16.459Z
npm,@squawk,flight-math,0.5.5,,2026-05-11T22:48:48.200Z,2026-05-11T22:54:16.410Z
npm,@squawk,fix-data,0.6.5,,2026-05-11T22:48:48.168Z,2026-05-11T22:54:16.359Z
npm,@squawk,fixes,0.3.3,,2026-05-11T22:48:46.595Z,2026-05-11T22:54:16.297Z
npm,@tallyui,connector-vendure,1.0.2,,2026-05-11T22:49:02.296Z,2026-05-11T22:54:16.271Z
npm,@squawk,procedures,0.5.3,,2026-05-11T22:48:46.708Z,2026-05-11T22:54:15.728Z
npm,@squawk,weather,0.5.7,,2026-05-11T22:48:47.708Z,2026-05-11T22:54:15.717Z
npm,@squawk,icao-registry,0.5.3,,2026-05-11T22:48:46.466Z,2026-05-11T22:54:15.231Z
npm,@tallyui,database,1.0.2,,2026-05-11T22:49:02.207Z,2026-05-11T22:54:14.225Z
npm,@squawk,airways,0.4.3,,2026-05-11T22:48:46.729Z,2026-05-11T22:54:12.369Z
npm,@squawk,airport-data,0.7.5,,2026-05-11T22:48:48.424Z,2026-05-11T22:54:11.874Z
npm,@squawk,flightplan,0.5.3,,2026-05-11T22:48:47.085Z,2026-05-11T22:54:11.822Z
npm,@tallyui,connector-shopify,1.0.2,,2026-05-11T22:49:02.103Z,2026-05-11T22:54:10.896Z
npm,@tallyui,storage-sqlite,0.2.2,,2026-05-11T22:49:02.730Z,2026-05-11T22:54:10.001Z
npm,,ts-dna,3.0.2,,2026-05-11T22:48:47.183Z,2026-05-11T22:54:09.053Z
npm,,wot-api,0.8.2,,2026-05-11T22:48:53.510Z,2026-05-11T22:54:04.966Z
npm,@squawk,units,0.4.4,,2026-05-11T22:48:47.446Z,2026-05-11T22:54:04.577Z
npm,@squawk,procedure-data,0.7.4,,2026-05-11T22:48:47.824Z,2026-05-11T22:54:03.542Z
npm,@squawk,navaid-data,0.6.5,,2026-05-11T22:48:47.452Z,2026-05-11T22:54:03.470Z
npm,@squawk,notams,0.3.7,,2026-05-11T22:48:48.123Z,2026-05-11T22:54:03.434Z
npm,@squawk,icao-registry-data,0.8.5,,2026-05-11T22:48:48.127Z,2026-05-11T22:54:03.079Z
npm,@squawk,airports,0.6.3,,2026-05-11T22:48:46.109Z,2026-05-11T22:54:02.909Z
npm,@squawk,navaids,0.4.3,,2026-05-11T22:48:46.260Z,2026-05-11T22:54:02.822Z
npm,@beproduct,nestjs-auth,0.1.17,,2026-05-11T22:48:21.830Z,2026-05-11T22:53:32.050Z
npm,,git-branch-selector,1.3.5,,2026-05-11T22:48:16.173Z,2026-05-11T22:53:06.549Z
npm,@tolka,cli,1.0.4,,2026-05-11T22:48:15.891Z,2026-05-11T22:53:06.317Z
npm,@mistralai,mistralai-gcp,1.7.1,,2026-05-11T22:45:38.309Z,2026-05-11T22:52:55.863Z
npm,@mistralai,mistralai-gcp,1.7.2,,2026-05-11T22:49:23.487Z,2026-05-11T22:52:46.401Z
npm,@mistralai,mistralai-azure,1.7.1,,2026-05-11T22:45:37.951Z,2026-05-11T22:52:46.040Z
npm,@mistralai,mistralai-azure,1.7.2,,2026-05-11T22:49:22.926Z,2026-05-11T22:52:45.808Z
npm,@tallyui,core,0.2.2,,2026-05-11T22:49:01.926Z,2026-05-11T22:51:41.014Z
npm,@mesadev,saguaro,0.4.22,,2026-05-11T22:44:30.005Z,2026-05-11T22:51:33.411Z
npm,@mesadev,sdk,0.28.3,,2026-05-11T22:44:26.365Z,2026-05-11T22:49:24.785Z
npm,@mesadev,rest,0.28.3,,2026-05-11T22:44:26.862Z,2026-05-11T22:49:22.940Z
npm,,cross-stitch,1.1.3,,2026-05-11T22:17:07.042Z,2026-05-11T22:26:29.606Z
npm,,ts-dna,3.0.1,,2026-05-11T22:17:05.368Z,2026-05-11T22:25:21.661Z
npm,@squawk,mcp,0.9.1,,2026-05-11T22:17:05.628Z,2026-05-11T22:23:27.562Z
npm,,wot-api,0.8.1,,2026-05-11T22:17:10.494Z,2026-05-11T22:23:24.876Z
npm,@squawk,notams,0.3.6,,2026-05-11T22:17:05.716Z,2026-05-11T22:22:35.970Z
npm,@squawk,airways,0.4.2,,2026-05-11T22:17:05.568Z,2026-05-11T22:22:34.995Z
npm,@squawk,flightplan,0.5.2,,2026-05-11T22:17:05.323Z,2026-05-11T22:22:32.124Z
npm,@squawk,weather,0.5.6,,2026-05-11T22:17:05.709Z,2026-05-11T22:22:28.279Z
npm,@squawk,flight-math,0.5.4,,2026-05-11T22:17:05.445Z,2026-05-11T22:22:28.005Z
npm,@squawk,airway-data,0.5.4,,2026-05-11T22:17:05.778Z,2026-05-11T22:22:26.187Z
npm,@squawk,procedures,0.5.2,,2026-05-11T22:17:05.325Z,2026-05-11T22:22:25.502Z
npm,@squawk,icao-registry-data,0.8.4,,2026-05-11T22:17:06.431Z,2026-05-11T22:22:24.075Z
npm,@squawk,units,0.4.3,,2026-05-11T22:17:05.920Z,2026-05-11T22:22:23.824Z
npm,@squawk,navaids,0.4.2,,2026-05-11T22:17:05.491Z,2026-05-11T22:22:23.421Z
npm,@squawk,types,0.8.1,,2026-05-11T22:17:05.383Z,2026-05-11T22:22:23.327Z
npm,@squawk,fix-data,0.6.4,,2026-05-11T22:17:05.889Z,2026-05-11T22:22:22.633Z
npm,@squawk,navaid-data,0.6.4,,2026-05-11T22:17:05.249Z,2026-05-11T22:22:22.343Z
npm,@squawk,icao-registry,0.5.2,,2026-05-11T22:17:05.216Z,2026-05-11T22:22:22.267Z
npm,@squawk,fixes,0.3.2,,2026-05-11T22:17:05.320Z,2026-05-11T22:22:21.857Z
npm,@squawk,geo,0.4.4,,2026-05-11T22:17:05.643Z,2026-05-11T22:22:21.309Z
npm,@squawk,procedure-data,0.7.3,,2026-05-11T22:17:05.799Z,2026-05-11T22:22:20.493Z
npm,@squawk,airspace-data,0.5.3,,2026-05-11T22:17:06.007Z,2026-05-11T22:22:19.994Z
npm,@squawk,airports,0.6.2,,2026-05-11T22:17:05.104Z,2026-05-11T22:22:19.198Z
npm,@squawk,airspace,0.8.1,,2026-05-11T22:17:05.299Z,2026-05-11T22:22:19.182Z
npm,@squawk,airport-data,0.7.4,,2026-05-11T22:17:05.606Z,2026-05-11T22:22:16.423Z
npm,@tolka,cli,1.0.3,,2026-05-11T22:09:06.157Z,2026-05-11T22:15:27.507Z
npm,,git-branch-selector,1.3.4,,2026-05-11T22:09:06.815Z,2026-05-11T22:15:26.692Z
npm,,nextmove-mcp,0.1.4,,2026-05-11T22:09:06.563Z,2026-05-11T22:15:18.214Z
npm,,git-git-git,1.0.9,,2026-05-11T22:09:06.445Z,2026-05-11T22:15:17.260Z
npm,@tallyui,theme,0.2.1,,2026-05-11T21:41:50.843Z,2026-05-11T21:47:59.181Z
npm,@tallyui,pos,0.1.1,,2026-05-11T21:41:51.077Z,2026-05-11T21:47:57.286Z
npm,@tallyui,connector-medusa,1.0.1,,2026-05-11T21:41:50.854Z,2026-05-11T21:47:54.077Z
npm,@tallyui,components,1.0.1,,2026-05-11T21:41:50.660Z,2026-05-11T21:47:49.567Z
npm,@tallyui,connector-shopify,1.0.1,,2026-05-11T21:41:51.402Z,2026-05-11T21:47:41.870Z
npm,@tallyui,core,0.2.1,,2026-05-11T21:41:51.428Z,2026-05-11T21:47:35.293Z
npm,@tallyui,database,1.0.1,,2026-05-11T21:41:51.035Z,2026-05-11T21:47:33.965Z
npm,@tallyui,connector-vendure,1.0.1,,2026-05-11T21:41:50.750Z,2026-05-11T21:47:31.829Z
npm,@tallyui,storage-sqlite,0.2.1,,2026-05-11T21:41:50.659Z,2026-05-11T21:47:31.497Z
npm,@tallyui,connector-woocommerce,1.0.1,,2026-05-11T21:41:50.732Z,2026-05-11T21:47:31.415Z
npm,@uipath,apollo-react,4.24.5,,2026-05-11T21:00:26.711Z,2026-05-11T21:28:13.200Z
npm,@uipath,agent.sdk,0.0.18,,2026-05-11T21:00:21.185Z,2026-05-11T21:13:25.305Z
npm,@uipath,apollo-core,5.9.2,,2026-05-11T21:00:26.961Z,2026-05-11T21:09:07.692Z
npm,@uipath,apollo-wind,2.16.2,,2026-05-11T21:00:21.184Z,2026-05-11T21:08:42.661Z
npm,@uipath,tool-workflowcompiler,0.0.12,,2026-05-11T21:00:20.652Z,2026-05-11T21:08:19.863Z
npm,@uipath,filesystem,1.0.1,,2026-05-11T21:00:20.022Z,2026-05-11T21:08:02.753Z
npm,@uipath,robot,1.3.4,,2026-05-11T21:00:22.132Z,2026-05-11T21:07:32.886Z
npm,@uipath,telemetry,0.0.7,,2026-05-11T21:00:20.650Z,2026-05-11T21:07:29.090Z
npm,@uipath,integrationservice-sdk,1.0.2,,2026-05-11T21:00:20.932Z,2026-05-11T21:07:24.909Z
npm,@uipath,ap-chat,1.5.7,,2026-05-11T21:00:26.227Z,2026-05-11T21:07:21.498Z
npm,@uipath,widget.sdk,1.2.3,,2026-05-11T21:00:21.133Z,2026-05-11T21:07:08.052Z
npm,@uipath,agent-sdk,1.0.2,,2026-05-11T21:00:22.740Z,2026-05-11T21:07:06.258Z
npm,@uipath,packager-tool-apiworkflow,0.0.19,,2026-05-11T21:00:20.911Z,2026-05-11T21:07:04.415Z
npm,@uipath,case-tool,1.0.1,,2026-05-11T21:00:22.990Z,2026-05-11T21:06:55.085Z
npm,@uipath,codedagents-tool,0.1.12,,2026-05-11T21:00:20.678Z,2026-05-11T21:06:53.254Z
npm,@uipath,api-workflow-tool,1.0.1,,2026-05-11T21:00:20.798Z,2026-05-11T21:06:51.036Z
npm,@uipath,context-grounding-tool,0.1.1,,2026-05-11T21:00:19.922Z,2026-05-11T21:06:50.918Z
npm,@uipath,packager-tool-workflowcompiler-browser,0.0.34,,2026-05-11T21:00:20.716Z,2026-05-11T21:06:50.722Z
npm,@uipath,packager-tool-workflowcompiler,0.0.16,,2026-05-11T21:00:21.364Z,2026-05-11T21:06:49.630Z
npm,@uipath,aops-policy-tool,0.3.1,,2026-05-11T21:00:20.534Z,2026-05-11T21:06:48.861Z
npm,@uipath,flow-tool,1.0.2,,2026-05-11T21:00:23.016Z,2026-05-11T21:06:48.647Z
npm,@uipath,resourcecatalog-tool,0.1.1,,2026-05-11T21:00:20.557Z,2026-05-11T21:06:46.371Z
npm,@uipath,vertical-solutions-tool,1.0.1,,2026-05-11T21:00:20.868Z,2026-05-11T21:06:46.274Z
npm,@uipath,data-fabric-tool,1.0.2,,2026-05-11T21:00:21.200Z,2026-05-11T21:06:46.178Z
npm,@uipath,packager-tool-case,0.0.9,,2026-05-11T21:00:20.380Z,2026-05-11T21:06:45.549Z
npm,@uipath,codedagent-tool,1.0.1,,2026-05-11T21:00:20.586Z,2026-05-11T21:06:45.420Z
npm,@uipath,ui-widgets-multi-file-upload,1.0.1,,2026-05-11T21:00:20.686Z,2026-05-11T21:06:45.292Z
npm,@uipath,docsai-tool,1.0.1,,2026-05-11T21:00:20.034Z,2026-05-11T21:06:45.197Z
npm,@uipath,insights-tool,1.0.1,,2026-05-11T21:00:20.838Z,2026-05-11T21:06:43.995Z
npm,@uipath,solutionpackager-sdk,1.0.11,,2026-05-11T21:00:22.993Z,2026-05-11T21:06:43.421Z
npm,@uipath,auth,1.0.1,,2026-05-11T21:00:20.819Z,2026-05-11T21:06:43.283Z
npm,@uipath,maestro-tool,1.0.1,,2026-05-11T21:00:22.134Z,2026-05-11T21:06:43.269Z
npm,@uipath,cli,1.0.1,,2026-05-11T21:00:21.005Z,2026-05-11T21:06:42.123Z
npm,@uipath,llmgw-tool,1.0.1,,2026-05-11T21:00:20.742Z,2026-05-11T21:06:41.710Z
npm,@uipath,resource-tool,1.0.1,,2026-05-11T21:00:20.510Z,2026-05-11T21:06:41.541Z
npm,@uipath,packager-tool-flow,0.0.19,,2026-05-11T21:00:20.953Z,2026-05-11T21:06:39.866Z
npm,@uipath,common,1.0.1,,2026-05-11T21:00:21.070Z,2026-05-11T21:06:39.742Z
npm,@uipath,gov-tool,0.3.1,,2026-05-11T21:00:20.485Z,2026-05-11T21:06:39.437Z
npm,@uipath,traces-tool,1.0.1,,2026-05-11T21:00:20.202Z,2026-05-11T21:06:38.605Z
npm,@uipath,packager-tool-bpmn,0.0.9,,2026-05-11T21:00:20.411Z,2026-05-11T21:06:36.730Z
npm,@uipath,insights-sdk,1.0.1,,2026-05-11T21:00:20.884Z,2026-05-11T21:06:35.096Z
npm,@uipath,admin-tool,0.1.1,,2026-05-11T21:00:20.671Z,2026-05-11T21:06:34.043Z
npm,@uipath,packager-tool-webapp,1.0.6,,2026-05-11T21:00:20.317Z,2026-05-11T21:06:33.792Z
npm,@uipath,solutionpackager-tool-core,0.0.34,,2026-05-11T21:00:20.891Z,2026-05-11T21:06:33.744Z
npm,@uipath,vss,0.1.6,,2026-05-11T21:00:22.054Z,2026-05-11T21:06:33.647Z
npm,@uipath,orchestrator-tool,1.0.1,,2026-05-11T21:00:21.107Z,2026-05-11T21:06:33.211Z
npm,@uipath,solution-packager,0.0.35,,2026-05-11T21:00:20.828Z,2026-05-11T21:06:32.760Z
npm,@uipath,uipath-python-bridge,1.0.1,,2026-05-11T21:00:19.848Z,2026-05-11T21:06:32.130Z
npm,@uipath,codedapp-tool,1.0.1,,2026-05-11T21:00:20.535Z,2026-05-11T21:06:31.764Z
npm,@uipath,project-packager,1.1.16,,2026-05-11T21:00:21.184Z,2026-05-11T21:06:31.477Z
npm,@uipath,integrationservice-tool,1.0.2,,2026-05-11T21:00:21.742Z,2026-05-11T21:06:30.535Z
npm,@uipath,packager-tool-functions,0.1.1,,2026-05-11T21:00:20.182Z,2026-05-11T21:06:29.906Z
npm,@uipath,tasks-tool,1.0.1,,2026-05-11T21:00:21.041Z,2026-05-11T21:06:29.873Z
npm,@uipath,solution-tool,1.0.1,,2026-05-11T21:00:21.624Z,2026-05-11T21:06:28.844Z
npm,@uipath,packager-tool-connector,0.0.19,,2026-05-11T21:00:21.065Z,2026-05-11T21:06:28.523Z
npm,@uipath,maestro-sdk,1.0.1,,2026-05-11T21:00:21.587Z,2026-05-11T21:06:28.484Z
npm,@uipath,test-manager-tool,1.0.2,,2026-05-11T21:00:20.952Z,2026-05-11T21:06:28.481Z
npm,@uipath,agent-tool,1.0.1,,2026-05-11T21:00:21.606Z,2026-05-11T21:06:28.479Z
npm,@uipath,functions-tool,1.0.1,,2026-05-11T21:00:21.059Z,2026-05-11T21:06:28.278Z
npm,@uipath,identity-tool,0.1.1,,2026-05-11T21:00:20.507Z,2026-05-11T21:06:28.175Z
npm,@uipath,access-policy-tool,0.3.1,,2026-05-11T21:00:20.456Z,2026-05-11T21:06:27.672Z
npm,@uipath,resources-tool,0.1.11,,2026-05-11T21:00:20.737Z,2026-05-11T21:06:27.458Z
npm,@uipath,rpa-tool,0.9.5,,2026-05-11T21:00:21.305Z,2026-05-11T21:06:26.745Z
npm,@uipath,rpa-legacy-tool,1.0.1,,2026-05-11T21:00:20.854Z,2026-05-11T21:06:26.360Z
npm,@uipath,access-policy-sdk,0.3.1,,2026-05-11T21:00:21.498Z,2026-05-11T21:06:25.997Z
npm,@uipath,platform-tool,1.0.1,,2026-05-11T21:00:20.682Z,2026-05-11T21:06:24.286Z
npm,@beproduct,nestjs-auth,0.1.16,,2026-05-11T20:34:12.922Z,2026-05-11T20:38:47.982Z
npm,@beproduct,nestjs-auth,0.1.15,,2026-05-11T20:33:47.240Z,2026-05-11T20:38:47.978Z
npm,@dirigible-ai,sdk,0.6.3,,2026-05-11T20:18:06.457Z,2026-05-11T20:26:52.979Z
npm,@dirigible-ai,sdk,0.6.2,,2026-05-11T20:17:38.766Z,2026-05-11T20:26:42.458Z
npm,@beproduct,nestjs-auth,0.1.13,,2026-05-11T20:24:24.647Z,2026-05-11T20:25:52.691Z
npm,@beproduct,nestjs-auth,0.1.14,,2026-05-11T20:24:36.451Z,2026-05-11T20:25:52.459Z
npm,@beproduct,nestjs-auth,0.1.8,,2026-05-11T20:20:48.119Z,2026-05-11T20:25:44.452Z
npm,@beproduct,nestjs-auth,0.1.6,,2026-05-11T20:20:28.051Z,2026-05-11T20:25:29.099Z
npm,@beproduct,nestjs-auth,0.1.9,,2026-05-11T20:20:58.341Z,2026-05-11T20:25:28.657Z
npm,@beproduct,nestjs-auth,0.1.2,,2026-05-11T20:19:43.209Z,2026-05-11T20:25:28.613Z
npm,@beproduct,nestjs-auth,0.1.5,,2026-05-11T20:20:18.281Z,2026-05-11T20:25:26.837Z
npm,@beproduct,nestjs-auth,0.1.11,,2026-05-11T20:23:43.304Z,2026-05-11T20:25:26.195Z
npm,@beproduct,nestjs-auth,0.1.4,,2026-05-11T20:20:08.742Z,2026-05-11T20:25:25.801Z
npm,@beproduct,nestjs-auth,0.1.3,,2026-05-11T20:20:02.135Z,2026-05-11T20:25:16.806Z
npm,@beproduct,nestjs-auth,0.1.7,,2026-05-11T20:20:39.661Z,2026-05-11T20:25:14.678Z
npm,@beproduct,nestjs-auth,0.1.10,,2026-05-11T20:21:12.886Z,2026-05-11T20:25:14.606Z
npm,@beproduct,nestjs-auth,0.1.12,,2026-05-11T20:23:57.029Z,2026-05-11T20:25:14.470Z
npm,@ml-toolkit-ts,preprocessing,1.0.2,,2026-05-11T20:17:39.454Z,2026-05-11T20:24:04.167Z
npm,@ml-toolkit-ts,preprocessing,1.0.3,,2026-05-11T20:18:05.715Z,2026-05-11T20:23:52.742Z
npm,@ml-toolkit-ts,xgboost,1.0.3,,2026-05-11T20:17:39.013Z,2026-05-11T20:23:31.864Z
npm,,ml-toolkit-ts,1.0.5,,2026-05-11T20:18:05.176Z,2026-05-11T20:23:30.418Z
npm,@ml-toolkit-ts,xgboost,1.0.4,,2026-05-11T20:18:05.569Z,2026-05-11T20:23:20.251Z
npm,,ml-toolkit-ts,1.0.4,,2026-05-11T20:17:38.111Z,2026-05-11T20:23:18.442Z
npm,,agentwork-cli,0.1.4,,2026-05-11T20:17:38.787Z,2026-05-11T20:23:06.860Z
npm,,agentwork-cli,0.1.5,,2026-05-11T20:18:05.230Z,2026-05-11T20:23:05.204Z
npm,@taskflow-corp,cli,0.1.27,,2026-05-11T20:15:42.215Z,2026-05-11T20:21:13.062Z
npm,,cmux-agent-mcp,0.1.6,,2026-05-11T20:15:47.928Z,2026-05-11T20:20:50.726Z
npm,@supersurkhet,cli,0.0.5,,2026-05-11T20:15:45.429Z,2026-05-11T20:20:44.519Z
npm,@supersurkhet,sdk,0.0.5,,2026-05-11T20:15:44.968Z,2026-05-11T20:20:41.819Z
npm,@taskflow-corp,cli,0.1.26,,2026-05-11T20:09:04.421Z,2026-05-11T20:15:44.042Z
npm,@supersurkhet,cli,0.0.4,,2026-05-11T20:09:06.848Z,2026-05-11T20:15:01.286Z
npm,,cmux-agent-mcp,0.1.5,,2026-05-11T20:09:07.771Z,2026-05-11T20:14:59.565Z
npm,@supersurkhet,sdk,0.0.4,,2026-05-11T20:09:07.063Z,2026-05-11T20:14:53.765Z
npm,@draftlab,auth,0.24.2,,2026-05-11T20:01:57.667Z,2026-05-11T20:07:31.986Z
npm,@draftlab,auth,0.24.1,,2026-05-11T19:58:57.147Z,2026-05-11T20:06:52.983Z
npm,@draftauth,core,0.13.1,,2026-05-11T19:58:56.137Z,2026-05-11T20:06:30.979Z
npm,@draftauth,core,0.13.2,,2026-05-11T20:01:58.657Z,2026-05-11T20:06:30.487Z
npm,@draftauth,client,0.2.2,,2026-05-11T20:01:57.690Z,2026-05-11T20:05:29.145Z
npm,@draftauth,client,0.2.1,,2026-05-11T19:58:56.389Z,2026-05-11T20:05:28.787Z
npm,@draftlab,db,0.16.2,,2026-05-11T20:01:57.323Z,2026-05-11T20:04:43.759Z
npm,,safe-action,0.8.4,,2026-05-11T20:01:57.740Z,2026-05-11T20:04:38.667Z
npm,@draftlab,auth-router,0.5.1,,2026-05-11T19:58:55.947Z,2026-05-11T20:04:36.779Z
npm,@draftlab,auth-router,0.5.2,,2026-05-11T20:01:57.399Z,2026-05-11T20:04:36.241Z
npm,@draftlab,db,0.16.1,,2026-05-11T19:58:56.118Z,2026-05-11T20:04:28.111Z
npm,,safe-action,0.8.3,,2026-05-11T19:58:55.977Z,2026-05-11T20:04:23.911Z
npm,@taskflow-corp,cli,0.1.25,,2026-05-11T19:51:15.698Z,2026-05-11T19:57:23.481Z
npm,,cmux-agent-mcp,0.1.4,,2026-05-11T19:51:13.275Z,2026-05-11T19:56:58.945Z
npm,@supersurkhet,cli,0.0.3,,2026-05-11T19:51:13.164Z,2026-05-11T19:56:55.598Z
npm,@supersurkhet,sdk,0.0.3,,2026-05-11T19:51:12.905Z,2026-05-11T19:56:55.529Z
npm,@taskflow-corp,cli,0.1.24,,2026-05-11T19:32:15.187Z,2026-05-11T19:40:18.247Z
npm,@supersurkhet,cli,0.0.2,,2026-05-11T19:32:12.282Z,2026-05-11T19:38:55.921Z
npm,,cmux-agent-mcp,0.1.3,,2026-05-11T19:32:15.626Z,2026-05-11T19:38:31.046Z
npm,@supersurkhet,sdk,0.0.2,,2026-05-11T19:32:15.101Z,2026-05-11T19:38:17.552Z
npm,,git-git-git,1.0.8,,2026-05-11T19:29:44.727Z,2026-05-11T19:37:14.992Z
npm,@tolka,cli,1.0.2,,2026-05-11T19:29:44.584Z,2026-05-11T19:36:58.993Z
npm,,git-branch-selector,1.3.3,,2026-05-11T19:29:45.156Z,2026-05-11T19:36:25.181Z
npm,,nextmove-mcp,0.1.3,,2026-05-11T19:29:44.275Z,2026-05-11T19:36:16.965Z
npm,@tanstack,react-router,1.169.8,,2026-05-11T19:26:17.716Z,2026-05-11T19:33:36.604Z
npm,@tanstack,solid-router,1.169.8,,2026-05-11T19:26:18.819Z,2026-05-11T19:32:40.089Z
npm,@tanstack,router-core,1.169.8,,2026-05-11T19:26:18.605Z,2026-05-11T19:32:32.508Z
npm,@tanstack,start-plugin-core,1.169.26,,2026-05-11T19:26:18.127Z,2026-05-11T19:32:21.727Z
npm,@tanstack,vue-router,1.169.8,,2026-05-11T19:26:17.508Z,2026-05-11T19:32:18.090Z
npm,@tanstack,router-plugin,1.167.41,,2026-05-11T19:26:17.391Z,2026-05-11T19:32:06.081Z
npm,@tanstack,vue-start-client,1.166.49,,2026-05-11T19:26:14.652Z,2026-05-11T19:32:00.870Z
npm,@tanstack,react-start-rsc,0.0.50,,2026-05-11T19:26:16.472Z,2026-05-11T19:31:54.752Z
npm,@tanstack,start-client-core,1.168.8,,2026-05-11T19:26:16.897Z,2026-05-11T19:31:49.907Z
npm,@tanstack,eslint-plugin-start,0.0.7,,2026-05-11T19:26:16.921Z,2026-05-11T19:31:49.220Z
npm,@tanstack,react-start,1.167.71,,2026-05-11T19:26:16.558Z,2026-05-11T19:31:48.751Z
npm,@tanstack,router-generator,1.166.48,,2026-05-11T19:26:16.915Z,2026-05-11T19:31:48.446Z
npm,@tanstack,eslint-plugin-router,1.161.12,,2026-05-11T19:26:16.653Z,2026-05-11T19:31:48.213Z
npm,@tanstack,router-devtools-core,1.167.9,,2026-05-11T19:26:16.009Z,2026-05-11T19:31:47.788Z
npm,@tanstack,vue-start,1.167.64,,2026-05-11T19:26:15.653Z,2026-05-11T19:31:46.560Z
npm,@tanstack,start-server-core,1.167.36,,2026-05-11T19:26:16.223Z,2026-05-11T19:31:45.132Z
npm,@tanstack,solid-start-server,1.166.57,,2026-05-11T19:26:15.107Z,2026-05-11T19:31:43.268Z
npm,@tanstack,start-storage-context,1.166.41,,2026-05-11T19:26:14.410Z,2026-05-11T19:31:42.029Z
npm,@tanstack,solid-start-client,1.166.53,,2026-05-11T19:26:15.031Z,2026-05-11T19:31:41.413Z
npm,@tanstack,solid-start,1.167.68,,2026-05-11T19:26:16.045Z,2026-05-11T19:31:40.976Z
npm,@tanstack,router-ssr-query-core,1.168.6,,2026-05-11T19:26:15.821Z,2026-05-11T19:31:40.900Z
npm,@tanstack,virtual-file-routes,1.161.13,,2026-05-11T19:26:15.112Z,2026-05-11T19:31:40.861Z
npm,@tanstack,react-router-ssr-query,1.166.18,,2026-05-11T19:26:14.673Z,2026-05-11T19:31:40.434Z
npm,@tanstack,nitro-v2-vite-plugin,1.154.15,,2026-05-11T19:26:15.172Z,2026-05-11T19:31:39.994Z
npm,@tanstack,vue-start-server,1.166.53,,2026-05-11T19:26:15.007Z,2026-05-11T19:31:39.739Z
npm,@tanstack,solid-router-ssr-query,1.166.18,,2026-05-11T19:26:14.370Z,2026-05-11T19:31:38.527Z
npm,@tanstack,react-start-server,1.166.58,,2026-05-11T19:26:14.861Z,2026-05-11T19:31:38.431Z
npm,@tanstack,react-start-client,1.166.54,,2026-05-11T19:26:15.316Z,2026-05-11T19:31:37.986Z
npm,@tanstack,start-fn-stubs,1.161.12,,2026-05-11T19:26:14.651Z,2026-05-11T19:31:37.331Z
npm,@tanstack,router-utils,1.161.14,,2026-05-11T19:26:15.300Z,2026-05-11T19:31:36.947Z
npm,@tanstack,react-router-devtools,1.166.19,,2026-05-11T19:26:15.124Z,2026-05-11T19:31:36.664Z
npm,@tanstack,solid-router-devtools,1.166.19,,2026-05-11T19:26:15.210Z,2026-05-11T19:31:36.578Z
npm,@tanstack,history,1.161.12,,2026-05-11T19:26:14.690Z,2026-05-11T19:31:36.237Z
npm,@tanstack,router-cli,1.166.49,,2026-05-11T19:26:15.629Z,2026-05-11T19:31:35.789Z
npm,@tanstack,arktype-adapter,1.166.15,,2026-05-11T19:26:14.829Z,2026-05-11T19:31:34.905Z
npm,@tanstack,vue-router-devtools,1.166.19,,2026-05-11T19:26:14.901Z,2026-05-11T19:31:34.845Z
npm,@tanstack,zod-adapter,1.166.15,,2026-05-11T19:26:14.344Z,2026-05-11T19:31:34.392Z
npm,@tanstack,vue-router-ssr-query,1.166.18,,2026-05-11T19:26:14.572Z,2026-05-11T19:31:34.330Z
npm,@tanstack,start-static-server-functions,1.166.47,,2026-05-11T19:26:14.715Z,2026-05-11T19:31:34.140Z
npm,@tanstack,router-vite-plugin,1.166.56,,2026-05-11T19:26:14.385Z,2026-05-11T19:31:33.908Z
npm,@tanstack,valibot-adapter,1.166.15,,2026-05-11T19:26:15.163Z,2026-05-11T19:31:33.115Z
npm,@tanstack,router-devtools,1.166.19,,2026-05-11T19:26:14.544Z,2026-05-11T19:31:32.301Z
npm,@tanstack,solid-router,1.169.5,,2026-05-11T19:20:43.431Z,2026-05-11T19:26:57.102Z
npm,@tanstack,start-plugin-core,1.169.23,,2026-05-11T19:20:43.979Z,2026-05-11T19:26:45.153Z
npm,@tanstack,router-core,1.169.5,,2026-05-11T19:20:42.410Z,2026-05-11T19:26:43.816Z
npm,@tanstack,vue-router,1.169.5,,2026-05-11T19:20:42.334Z,2026-05-11T19:26:42.187Z
npm,@tanstack,react-router,1.169.5,,2026-05-11T19:20:42.105Z,2026-05-11T19:26:38.101Z
npm,@tanstack,router-plugin,1.167.38,,2026-05-11T19:20:41.445Z,2026-05-11T19:26:13.252Z
npm,@tanstack,eslint-plugin-start,0.0.4,,2026-05-11T19:20:41.346Z,2026-05-11T19:25:58.220Z
npm,@tanstack,eslint-plugin-router,1.161.9,,2026-05-11T19:20:40.628Z,2026-05-11T19:25:57.425Z
npm,@tanstack,react-start-rsc,0.0.47,,2026-05-11T19:20:41.274Z,2026-05-11T19:25:57.271Z
npm,@tanstack,react-start,1.167.68,,2026-05-11T19:20:42.111Z,2026-05-11T19:25:55.101Z
npm,@tanstack,router-generator,1.166.45,,2026-05-11T19:20:41.419Z,2026-05-11T19:25:54.399Z
npm,@tanstack,start-client-core,1.168.5,,2026-05-11T19:20:41.973Z,2026-05-11T19:25:52.142Z
npm,@tanstack,router-devtools-core,1.167.6,,2026-05-11T19:20:40.288Z,2026-05-11T19:25:48.724Z
npm,@tanstack,router-utils,1.161.11,,2026-05-11T19:20:39.660Z,2026-05-11T19:25:47.530Z
npm,@tanstack,vue-router-ssr-query,1.166.15,,2026-05-11T19:20:39.834Z,2026-05-11T19:25:45.323Z
npm,@tanstack,arktype-adapter,1.166.12,,2026-05-11T19:20:39.821Z,2026-05-11T19:25:43.955Z
npm,@tanstack,start-server-core,1.167.33,,2026-05-11T19:20:40.294Z,2026-05-11T19:25:43.895Z
npm,@tanstack,solid-start,1.167.65,,2026-05-11T19:20:41.154Z,2026-05-11T19:25:41.614Z
npm,@tanstack,react-router-devtools,1.166.16,,2026-05-11T19:20:39.936Z,2026-05-11T19:25:41.008Z
npm,@tanstack,solid-router-devtools,1.166.16,,2026-05-11T19:20:39.853Z,2026-05-11T19:25:40.578Z
npm,@tanstack,router-cli,1.166.46,,2026-05-11T19:20:40.567Z,2026-05-11T19:25:39.984Z
npm,@tanstack,solid-start-server,1.166.54,,2026-05-11T19:20:39.720Z,2026-05-11T19:25:39.556Z
npm,@tanstack,vue-router-devtools,1.166.16,,2026-05-11T19:20:39.616Z,2026-05-11T19:25:38.780Z
npm,@tanstack,virtual-file-routes,1.161.10,,2026-05-11T19:20:40.502Z,2026-05-11T19:25:38.506Z
npm,@tanstack,router-ssr-query-core,1.168.3,,2026-05-11T19:20:40.830Z,2026-05-11T19:25:38.338Z
npm,@tanstack,router-vite-plugin,1.166.53,,2026-05-11T19:20:39.613Z,2026-05-11T19:25:37.396Z
npm,@tanstack,nitro-v2-vite-plugin,1.154.12,,2026-05-11T19:20:39.524Z,2026-05-11T19:25:37.077Z
npm,@tanstack,start-fn-stubs,1.161.9,,2026-05-11T19:20:39.939Z,2026-05-11T19:25:36.487Z
npm,@tanstack,history,1.161.9,,2026-05-11T19:20:39.565Z,2026-05-11T19:25:36.170Z
npm,@tanstack,react-router-ssr-query,1.166.15,,2026-05-11T19:20:39.110Z,2026-05-11T19:25:36.061Z
npm,@tanstack,zod-adapter,1.166.12,,2026-05-11T19:20:39.476Z,2026-05-11T19:25:35.944Z
npm,@tanstack,valibot-adapter,1.166.12,,2026-05-11T19:20:39.430Z,2026-05-11T19:25:35.919Z
npm,@tanstack,solid-router-ssr-query,1.166.15,,2026-05-11T19:20:39.688Z,2026-05-11T19:25:35.385Z
npm,@tanstack,react-start-client,1.166.51,,2026-05-11T19:20:39.703Z,2026-05-11T19:25:34.743Z
npm,@tanstack,router-devtools,1.166.16,,2026-05-11T19:20:39.782Z,2026-05-11T19:25:34.458Z
npm,@tanstack,react-start-server,1.166.55,,2026-05-11T19:20:40.014Z,2026-05-11T19:25:34.084Z
npm,@tanstack,solid-start-client,1.166.50,,2026-05-11T19:20:39.763Z,2026-05-11T19:25:33.602Z
npm,@tanstack,vue-start,1.167.61,,2026-05-11T19:20:40.136Z,2026-05-11T19:25:33.541Z
npm,@tanstack,start-storage-context,1.166.38,,2026-05-11T19:20:39.894Z,2026-05-11T19:25:32.271Z
npm,@tanstack,start-static-server-functions,1.166.44,,2026-05-11T19:20:40.002Z,2026-05-11T19:25:32.260Z
npm,@tanstack,vue-start-client,1.166.46,,2026-05-11T19:20:39.697Z,2026-05-11T19:23:26.595Z
npm,@tanstack,vue-start-server,1.166.50,,2026-05-11T19:20:40.336Z,2026-05-11T19:23:25.071Z
composer,intercom,intercom-php,5.0.2,,,2026-04-30T21:07:05.227Z
npm,,intercom-client,7.0.4,,2026-04-30T14:41:04.098Z,2026-04-30T15:09:57.503Z
pypi,,lightning,2.6.3,,2026-04-30T12:52:46.204Z,2026-04-30T13:10:58.399Z
pypi,,lightning,2.6.2,,2026-04-30T12:45:20.881Z,2026-04-30T13:03:17.243Z
npm,@cap-js,db-service,2.10.1,,2026-04-29T12:14:00.709Z,2026-04-29T12:20:37.765Z
npm,@cap-js,postgres,2.2.2,,2026-04-29T12:14:00.759Z,2026-04-29T12:20:37.159Z
npm,@cap-js,sqlite,2.2.2,,2026-04-29T11:25:47.756Z,2026-04-29T11:33:06.849Z
npm,,mbt,1.2.48,,2026-04-29T09:55:25.654Z,2026-04-29T10:03:09.406Z
